Indexcd,Trddt,Clsindex,Retindex
300,2005/4/11,995.421,-0.007996
300,2005/4/12,978.697,-0.016801
300,2005/4/13,1000.9,0.022686
300,2005/4/14,986.975,-0.013912
300,2005/4/15,974.082,-0.013063
300,2005/4/18,963.772,-0.010584
300,2005/4/19,965.886,0.002193
300,2005/4/20,950.867,-0.015549
300,2005/4/21,943.981,-0.007242
300,2005/4/22,939.101,-0.00517
300,2005/4/25,930.07,-0.009617
300,2005/4/26,937.083,0.00754
300,2005/4/27,926.604,-0.011183
300,2005/4/28,942.073,0.016694
300,2005/4/29,932.395,-0.010273
300,2005/5/9,909.174,-0.024905
300,2005/5/10,913.076,0.004292
300,2005/5/11,901.851,-0.012294
300,2005/5/12,885.82,-0.017776
300,2005/5/13,887.543,0.001945
300,2005/5/16,875.271,-0.013827
300,2005/5/17,881.462,0.007073
300,2005/5/18,883.196,0.001967
300,2005/5/19,884.171,0.001104
300,2005/5/20,882.763,-0.001592
300,2005/5/23,863.341,-0.022001
300,2005/5/24,868.456,0.005925
300,2005/5/25,868.451,-0.000006
300,2005/5/26,857.331,-0.012804
300,2005/5/27,849.508,-0.009125
300,2005/5/30,855.612,0.007185
300,2005/5/31,855.946,0.00039
300,2005/6/1,837.532,-0.021513
300,2005/6/2,818.379,-0.022868
300,2005/6/3,818.033,-0.000423
300,2005/6/6,838.997,0.025627
300,2005/6/7,837.282,-0.002044
300,2005/6/8,905.773,0.081802
300,2005/6/9,912.604,0.007542
300,2005/6/10,894.556,-0.019776
300,2005/6/13,892.959,-0.001785
300,2005/6/14,883.537,-0.010551
300,2005/6/15,866.834,-0.018905
300,2005/6/16,879.237,0.014308
300,2005/6/17,880.345,0.00126
300,2005/6/20,906.255,0.029432
300,2005/6/21,896.166,-0.011133
300,2005/6/22,900.646,0.004999
300,2005/6/23,893.572,-0.007854
300,2005/6/24,898.301,0.005292
300,2005/6/27,916.043,0.019751
300,2005/6/28,903.716,-0.013457
300,2005/6/29,898.898,-0.005331
300,2005/6/30,878.686,-0.022485
300,2005/7/1,859.494,-0.021842
300,2005/7/4,855.932,-0.004144
300,2005/7/5,849.679,-0.007305
300,2005/7/6,842.556,-0.008383
300,2005/7/7,844.729,0.002579
300,2005/7/8,829.489,-0.018041
300,2005/7/11,824.097,-0.0065
300,2005/7/12,851.816,0.033636
300,2005/7/13,846.231,-0.006557
300,2005/7/14,849.59,0.003969
300,2005/7/15,841.001,-0.01011
300,2005/7/18,832.995,-0.00952
300,2005/7/19,835.608,0.003137
300,2005/7/20,842.641,0.008417
300,2005/7/21,843.987,0.001597
300,2005/7/22,859.693,0.018609
300,2005/7/25,856.86,-0.003295
300,2005/7/26,876.48,0.022898
300,2005/7/27,894.012,0.020003
300,2005/7/28,890.885,-0.003498
300,2005/7/29,888.164,-0.003054
300,2005/8/1,891.607,0.003877
300,2005/8/2,903.598,0.013449
300,2005/8/3,909.57,0.006609
300,2005/8/4,904.15,-0.005959
300,2005/8/5,923.803,0.021736
300,2005/8/8,927.471,0.003971
300,2005/8/9,933.089,0.006057
300,2005/8/10,940.37,0.007803
300,2005/8/11,953.992,0.014486
300,2005/8/12,938.316,-0.016432
300,2005/8/15,954.502,0.01725
300,2005/8/16,945.058,-0.009894
300,2005/8/17,953.012,0.008416
300,2005/8/18,920.671,-0.033936
300,2005/8/19,923.038,0.002571
300,2005/8/22,931.673,0.009355
300,2005/8/23,923.414,-0.008865
300,2005/8/24,930.651,0.007837
300,2005/8/25,930.118,-0.000573
300,2005/8/26,928.258,-0.002
300,2005/8/29,917.371,-0.011728
300,2005/8/30,914.88,-0.002715
300,2005/8/31,927.916,0.014249
300,2005/9/1,944.559,0.017936
300,2005/9/2,947.871,0.003506
300,2005/9/5,952.717,0.005113
300,2005/9/6,936.61,-0.016906
300,2005/9/7,952.758,0.017241
300,2005/9/8,955.282,0.002649
300,2005/9/9,949.065,-0.006508
300,2005/9/12,949.506,0.000465
300,2005/9/13,963.774,0.015027
300,2005/9/14,970.193,0.00666
300,2005/9/15,969.598,-0.000613
300,2005/9/16,967.495,-0.002169
300,2005/9/19,971.136,0.003763
300,2005/9/20,961.919,-0.009491
300,2005/9/21,944.408,-0.018204
300,2005/9/22,923.274,-0.022378
300,2005/9/23,916.154,-0.007712
300,2005/9/26,918.485,0.002544
300,2005/9/27,904.214,-0.015538
300,2005/9/28,903.719,-0.000547
300,2005/9/29,915.975,0.013562
300,2005/9/30,917.39,0.001545
300,2005/10/10,907.321,-0.010976
300,2005/10/11,919.72,0.013666
300,2005/10/12,923.485,0.004094
300,2005/10/13,916.499,-0.007565
300,2005/10/14,904.828,-0.012734
300,2005/10/17,897.623,-0.007963
300,2005/10/18,902.366,0.005284
300,2005/10/19,898.744,-0.004014
300,2005/10/20,899.915,0.001303
300,2005/10/21,904.414,0.004999
300,2005/10/24,906.652,0.002475
300,2005/10/25,894.272,-0.013655
300,2005/10/26,875.82,-0.020634
300,2005/10/27,875.849,0.000033
300,2005/10/28,867.729,-0.009271
300,2005/10/31,876.282,0.009857
300,2005/11/1,872.865,-0.003899
300,2005/11/2,882.478,0.011013
300,2005/11/3,874.575,-0.008955
300,2005/11/4,878.361,0.004329
300,2005/11/7,877.278,-0.001233
300,2005/11/8,881.524,0.00484
300,2005/11/9,879.252,-0.002577
300,2005/11/10,862.968,-0.01852
300,2005/11/11,864.79,0.002111
300,2005/11/14,862.149,-0.003054
300,2005/11/15,856.635,-0.006396
300,2005/11/16,863.119,0.007569
300,2005/11/17,862.658,-0.000534
300,2005/11/18,882.241,0.022701
300,2005/11/21,883.871,0.001848
300,2005/11/22,869.617,-0.016127
300,2005/11/23,876.229,0.007603
300,2005/11/24,881.493,0.006008
300,2005/11/25,884.105,0.002963
300,2005/11/28,880.167,-0.004454
300,2005/11/29,871.31,-0.010063
300,2005/11/30,873.825,0.002886
300,2005/12/1,873.067,-0.000867
300,2005/12/2,869.936,-0.003586
300,2005/12/5,859.61,-0.01187
300,2005/12/6,866.075,0.007521
300,2005/12/7,873.838,0.008963
300,2005/12/8,874.056,0.000249
300,2005/12/9,887.358,0.015219
300,2005/12/12,888.518,0.001307
300,2005/12/13,889.101,0.000656
300,2005/12/14,898.153,0.010181
300,2005/12/15,896.434,-0.001914
300,2005/12/16,902.561,0.006835
300,2005/12/19,902.91,0.000387
300,2005/12/20,907.318,0.004882
300,2005/12/21,903.144,-0.0046
300,2005/12/22,908.754,0.006212
300,2005/12/23,915.89,0.007853
300,2005/12/26,922.378,0.007084
300,2005/12/27,919.36,-0.003272
300,2005/12/28,920.919,0.001696
300,2005/12/29,932.031,0.012066
300,2005/12/30,923.451,-0.009206
300,2006/1/4,941.428,0.019467
300,2006/1/5,959.134,0.018808
300,2006/1/6,970.032,0.011362
300,2006/1/9,975.253,0.005382
300,2006/1/10,978.154,0.002975
300,2006/1/11,973.477,-0.004781
300,2006/1/12,983.716,0.010518
300,2006/1/13,978.809,-0.004988
300,2006/1/16,961.439,-0.017746
300,2006/1/17,964.29,0.002965
300,2006/1/18,983.622,0.020048
300,2006/1/19,991.222,0.007727
300,2006/1/20,993.34,0.002137
300,2006/1/23,996.162,0.002841
300,2006/1/24,999.093,0.002942
300,2006/1/25,1009.597,0.010514
300,2006/2/6,1033.234,0.023412
300,2006/2/7,1029.937,-0.003191
300,2006/2/8,1033.072,0.003044
300,2006/2/9,1019.599,-0.013042
300,2006/2/10,1032.337,0.012493
300,2006/2/13,1031.614,-0.0007
300,2006/2/14,1038.531,0.006705
300,2006/2/15,1041.66,0.003013
300,2006/2/16,1020.121,-0.020678
300,2006/2/17,1020.368,0.000242
300,2006/2/20,1021.639,0.001246
300,2006/2/21,1038.816,0.016813
300,2006/2/22,1037.885,-0.000896
300,2006/2/23,1041.373,0.003361
300,2006/2/24,1049.444,0.00775
300,2006/2/27,1047.845,-0.001524
300,2006/2/28,1053.01,0.004929
300,2006/3/1,1056.619,0.003427
300,2006/3/2,1038.666,-0.016991
300,2006/3/3,1041.677,0.002899
300,2006/3/6,1038.873,-0.002692
300,2006/3/7,1014.973,-0.023006
300,2006/3/8,1009.271,-0.005618
300,2006/3/9,1004.344,-0.004882
300,2006/3/10,1008.897,0.004533
300,2006/3/13,1019.864,0.01087
300,2006/3/14,1018.272,-0.001561
300,2006/3/15,1028.958,0.010494
300,2006/3/16,1027.616,-0.001304
300,2006/3/17,1024.015,-0.003504
300,2006/3/20,1037.659,0.013324
300,2006/3/21,1040.757,0.002986
300,2006/3/22,1047.666,0.006638
300,2006/3/23,1048.537,0.000831
300,2006/3/24,1042.601,-0.005661
300,2006/3/27,1045.644,0.002919
300,2006/3/28,1055.982,0.009887
300,2006/3/29,1065.294,0.008818
300,2006/3/30,1055.634,-0.009068
300,2006/3/31,1061.088,0.005167
300,2006/4/3,1079.322,0.017184
300,2006/4/4,1089.371,0.00931
300,2006/4/5,1099.97,0.009729
300,2006/4/6,1103.237,0.00297
300,2006/4/7,1103.154,-0.000075
300,2006/4/10,1117.91,0.013376
300,2006/4/11,1123.308,0.004829
300,2006/4/12,1117.073,-0.005551
300,2006/4/13,1093.925,-0.020722
300,2006/4/14,1118.607,0.022563
300,2006/4/17,1124.414,0.005191
300,2006/4/18,1131.281,0.006107
300,2006/4/19,1138.241,0.006152
300,2006/4/20,1134.381,-0.003391
300,2006/4/21,1149.158,0.013026
300,2006/4/24,1142.698,-0.005622
300,2006/4/25,1141.93,-0.000672
300,2006/4/26,1155.726,0.012081
300,2006/4/27,1155.268,-0.000396
300,2006/4/28,1172.347,0.014784
300,2006/5/8,1218.445,0.039321
300,2006/5/9,1251.611,0.02722
300,2006/5/10,1265.933,0.011443
300,2006/5/11,1255.035,-0.008609
300,2006/5/12,1296.257,0.032845
300,2006/5/15,1352.155,0.043123
300,2006/5/16,1331.127,-0.015551
300,2006/5/17,1335.523,0.003302
300,2006/5/18,1331.201,-0.003236
300,2006/5/19,1366.097,0.026214
300,2006/5/22,1373.674,0.005546
300,2006/5/23,1317.654,-0.040781
300,2006/5/24,1308.242,-0.007143
300,2006/5/25,1307.697,-0.000417
300,2006/5/26,1331.02,0.017835
300,2006/5/29,1366.292,0.0265
300,2006/5/30,1378.756,0.009123
300,2006/5/31,1365.451,-0.00965
300,2006/6/1,1402.879,0.027411
300,2006/6/2,1390.116,-0.009098
300,2006/6/5,1403.163,0.009386
300,2006/6/6,1399.142,-0.002866
300,2006/6/7,1320.233,-0.056398
300,2006/6/8,1325.979,0.004352
300,2006/6/9,1294.185,-0.023978
300,2006/6/12,1297.67,0.002693
300,2006/6/13,1298.276,0.000467
300,2006/6/14,1283.88,-0.011089
300,2006/6/15,1285.385,0.001172
300,2006/6/16,1318.01,0.025382
300,2006/6/19,1334.893,0.012809
300,2006/6/20,1338.223,0.002495
300,2006/6/21,1333.532,-0.003505
300,2006/6/22,1331.553,-0.001484
300,2006/6/23,1339.446,0.005928
300,2006/6/26,1363.413,0.017893
300,2006/6/27,1363.896,0.000354
300,2006/6/28,1362.885,-0.000741
300,2006/6/29,1395.124,0.023655
300,2006/6/30,1393.963,-0.000832
300,2006/7/3,1420.328,0.018914
300,2006/7/4,1411.013,-0.006558
300,2006/7/5,1393.009,-0.01276
300,2006/7/6,1418.675,0.018425
300,2006/7/7,1410.429,-0.005812
300,2006/7/10,1412.124,0.001202
300,2006/7/11,1418.575,0.004568
300,2006/7/12,1419.199,0.00044
300,2006/7/13,1346.088,-0.051516
300,2006/7/14,1357.129,0.008202
300,2006/7/17,1372.254,0.011145
300,2006/7/18,1373.416,0.000847
300,2006/7/19,1336.644,-0.026774
300,2006/7/20,1345.194,0.006397
300,2006/7/21,1356.033,0.008058
300,2006/7/24,1358.122,0.001541
300,2006/7/25,1374.17,0.011816
300,2006/7/26,1371.295,-0.002092
300,2006/7/27,1355.545,-0.011485
300,2006/7/28,1341.393,-0.01044
300,2006/7/31,1294.328,-0.035087
300,2006/8/1,1282.057,-0.009481
300,2006/8/2,1275.088,-0.005436
300,2006/8/3,1271.744,-0.002623
300,2006/8/4,1241.908,-0.023461
300,2006/8/7,1224.102,-0.014338
300,2006/8/8,1252.386,0.023106
300,2006/8/9,1251.298,-0.000869
300,2006/8/10,1271.473,0.016123
300,2006/8/11,1275.654,0.003288
300,2006/8/14,1245.721,-0.023465
300,2006/8/15,1265.863,0.016169
300,2006/8/16,1283.567,0.013986
300,2006/8/17,1271.627,-0.009302
300,2006/8/18,1267.866,-0.002958
300,2006/8/21,1270.562,0.002126
300,2006/8/22,1285.268,0.011574
300,2006/8/23,1285.68,0.000321
300,2006/8/24,1292.401,0.005228
300,2006/8/25,1295.437,0.002349
300,2006/8/28,1325.894,0.023511
300,2006/8/29,1330.155,0.003214
300,2006/8/30,1334.671,0.003395
300,2006/8/31,1338.694,0.003014
300,2006/9/1,1318.099,-0.015384
300,2006/9/4,1337.243,0.014524
300,2006/9/5,1340.682,0.002572
300,2006/9/6,1346.367,0.00424
300,2006/9/7,1328.377,-0.013362
300,2006/9/8,1332.153,0.002843
300,2006/9/11,1338.755,0.004956
300,2006/9/12,1347.639,0.006636
300,2006/9/13,1338.386,-0.006866
300,2006/9/14,1338.278,-0.000081
300,2006/9/15,1362.322,0.017966
300,2006/9/18,1375.563,0.009719
300,2006/9/19,1378.309,0.001996
300,2006/9/20,1378.459,0.000109
300,2006/9/21,1387.37,0.006464
300,2006/9/22,1374.852,-0.009023
300,2006/9/25,1372.399,-0.001784
300,2006/9/26,1357.646,-0.01075
300,2006/9/27,1371.117,0.009922
300,2006/9/28,1387.002,0.011585
300,2006/9/29,1403.265,0.011725
300,2006/10/9,1436.074,0.02338
300,2006/10/10,1437.245,0.000815
300,2006/10/11,1435.906,-0.000932
300,2006/10/12,1426.5,-0.006551
300,2006/10/13,1430.882,0.003072
300,2006/10/16,1418.517,-0.008642
300,2006/10/17,1414.448,-0.002868
300,2006/10/18,1437.593,0.016363
300,2006/10/19,1439.377,0.001241
300,2006/10/20,1440.182,0.000559
300,2006/10/23,1408.715,-0.021849
300,2006/10/24,1440.054,0.022247
300,2006/10/25,1446.825,0.004702
300,2006/10/26,1456.095,0.006407
300,2006/10/27,1439.05,-0.011706
300,2006/10/30,1446.239,0.004996
300,2006/10/31,1464.473,0.012608
300,2006/11/1,1479.409,0.010199
300,2006/11/2,1479.656,0.000167
300,2006/11/3,1488.291,0.005836
300,2006/11/6,1507.891,0.013169
300,2006/11/7,1516.104,0.005447
300,2006/11/8,1498.173,-0.011827
300,2006/11/9,1524.714,0.017716
300,2006/11/10,1504.062,-0.013545
300,2006/11/13,1475.779,-0.018804
300,2006/11/14,1493.776,0.012195
300,2006/11/15,1534.762,0.027438
300,2006/11/16,1533.288,-0.00096
300,2006/11/17,1562.084,0.018781
300,2006/11/20,1593.158,0.019893
300,2006/11/21,1612.249,0.011983
300,2006/11/22,1624.028,0.007306
300,2006/11/23,1634.914,0.006703
300,2006/11/24,1636.58,0.001019
300,2006/11/27,1651.801,0.0093
300,2006/11/28,1644.014,-0.004714
300,2006/11/29,1667.142,0.014068
300,2006/11/30,1714.358,0.028322
300,2006/12/1,1729.224,0.008671
300,2006/12/4,1780.736,0.029789
300,2006/12/5,1794.231,0.007578
300,2006/12/6,1779.411,-0.00826
300,2006/12/7,1775.714,-0.002078
300,2006/12/8,1711.584,-0.036115
300,2006/12/11,1789.924,0.04577
300,2006/12/12,1802.788,0.007187
300,2006/12/13,1803.856,0.000592
300,2006/12/14,1836.143,0.017899
300,2006/12/15,1867.636,0.017152
300,2006/12/18,1916.108,0.025954
300,2006/12/19,1921.444,0.002785
300,2006/12/20,1936.547,0.00786
300,2006/12/21,1908.985,-0.014233
300,2006/12/22,1895.644,-0.006989
300,2006/12/25,1939.104,0.022926
300,2006/12/26,1938.238,-0.000447
300,2006/12/27,1982.877,0.023031
300,2006/12/28,1979.933,-0.001485
300,2006/12/29,2041.047,0.030867
300,2007/1/4,2067.092,0.012761
300,2007/1/5,2072.883,0.002802
300,2007/1/8,2131.556,0.028305
300,2007/1/9,2200.086,0.03215
300,2007/1/10,2255.966,0.025399
300,2007/1/11,2231.629,-0.010788
300,2007/1/12,2173.747,-0.025937
300,2007/1/15,2287.342,0.052258
300,2007/1/16,2353.874,0.029087
300,2007/1/17,2308.931,-0.019093
300,2007/1/18,2317.095,0.003536
300,2007/1/19,2396.093,0.034094
300,2007/1/22,2491.313,0.03974
300,2007/1/23,2508.13,0.00675
300,2007/1/24,2536.428,0.011283
300,2007/1/25,2452.831,-0.032959
300,2007/1/26,2512.922,0.024499
300,2007/1/29,2576.917,0.025466
300,2007/1/30,2551.884,-0.009714
300,2007/1/31,2385.335,-0.065265
300,2007/2/1,2395.172,0.004124
300,2007/2/2,2298.003,-0.040569
300,2007/2/5,2271.797,-0.011404
300,2007/2/6,2316.04,0.019475
300,2007/2/7,2369.787,0.023206
300,2007/2/8,2410.601,0.017223
300,2007/2/9,2397.245,-0.005541
300,2007/2/12,2485.392,0.03677
300,2007/2/13,2522.63,0.014983
300,2007/2/14,2588.349,0.026052
300,2007/2/15,2668.633,0.031017
300,2007/2/16,2676.735,0.003036
300,2007/2/26,2707.676,0.011559
300,2007/2/27,2457.492,-0.092398
300,2007/2/28,2544.571,0.035434
300,2007/3/1,2473.544,-0.027913
300,2007/3/2,2508.729,0.014225
300,2007/3/5,2475.606,-0.013203
300,2007/3/6,2520.293,0.018051
300,2007/3/7,2589.436,0.027435
300,2007/3/8,2627.63,0.01475
300,2007/3/9,2611.393,-0.006179
300,2007/3/12,2616.172,0.00183
300,2007/3/13,2640.169,0.009173
300,2007/3/14,2597.357,-0.016216
300,2007/3/15,2645.546,0.018553
300,2007/3/16,2604.226,-0.015619
300,2007/3/19,2659.413,0.021191
300,2007/3/20,2672.771,0.005023
300,2007/3/21,2702.597,0.011159
300,2007/3/22,2711.322,0.003228
300,2007/3/23,2716.266,0.001823
300,2007/3/26,2764.034,0.017586
300,2007/3/27,2784.023,0.007232
300,2007/3/28,2797.649,0.004894
300,2007/3/29,2783.305,-0.005127
300,2007/3/30,2781.784,-0.000546
300,2007/4/2,2850.107,0.024561
300,2007/4/3,2888.115,0.013336
300,2007/4/4,2911.821,0.008208
300,2007/4/5,2945.045,0.01141
300,2007/4/6,2972.008,0.009155
300,2007/4/9,3038.172,0.022262
300,2007/4/10,3081.568,0.014284
300,2007/4/11,3121.323,0.012901
300,2007/4/12,3176.437,0.017657
300,2007/4/13,3169.233,-0.002268
300,2007/4/16,3255.998,0.027377
300,2007/4/17,3283.604,0.008479
300,2007/4/18,3304.501,0.006364
300,2007/4/19,3150.303,-0.046663
300,2007/4/20,3289.282,0.044116
300,2007/4/23,3431.318,0.043181
300,2007/4/24,3445.196,0.004045
300,2007/4/25,3448.281,0.000895
300,2007/4/26,3493.581,0.013137
300,2007/4/27,3470.523,-0.0066
300,2007/4/30,3558.709,0.02541
300,2007/5/8,3686.03,0.035777
300,2007/5/9,3701.277,0.004136
300,2007/5/10,3724.51,0.006277
300,2007/5/11,3702.612,-0.005879
300,2007/5/14,3734.42,0.008591
300,2007/5/15,3604.636,-0.034753
300,2007/5/16,3700.287,0.026536
300,2007/5/17,3778.605,0.021165
300,2007/5/18,3776.629,-0.000523
300,2007/5/21,3831.443,0.014514
300,2007/5/22,3870.489,0.010191
300,2007/5/23,3938.945,0.017687
300,2007/5/24,3919.748,-0.004874
300,2007/5/25,3985.252,0.016711
300,2007/5/28,4072.578,0.021912
300,2007/5/29,4168.289,0.023501
300,2007/5/30,3886.459,-0.067613
300,2007/5/31,3927.952,0.010676
300,2007/6/1,3803.954,-0.031568
300,2007/6/4,3511.431,-0.0769
300,2007/6/5,3634.633,0.035086
300,2007/6/6,3677.58,0.011816
300,2007/6/7,3802.304,0.033915
300,2007/6/8,3837.867,0.009353
300,2007/6/11,3931.862,0.024491
300,2007/6/12,4036.109,0.026513
300,2007/6/13,4118.268,0.020356
300,2007/6/14,4075.821,-0.010307
300,2007/6/15,4099.381,0.00578
300,2007/6/18,4227.569,0.03127
300,2007/6/19,4253,0.006016
300,2007/6/20,4157.599,-0.022431
300,2007/6/21,4197.28,0.009544
300,2007/6/22,4051.426,-0.03475
300,2007/6/25,3877.59,-0.042907
300,2007/6/26,3928.213,0.013055
300,2007/6/27,4040.484,0.028581
300,2007/6/28,3858.522,-0.045035
300,2007/6/29,3764.078,-0.024477
300,2007/7/2,3757.655,-0.001706
300,2007/7/3,3832.227,0.019845
300,2007/7/4,3743.582,-0.023131
300,2007/7/5,3537.435,-0.055067
300,2007/7/6,3710.283,0.048863
300,2007/7/9,3821.302,0.029922
300,2007/7/10,3775.621,-0.011954
300,2007/7/11,3789.874,0.003775
300,2007/7/12,3816.921,0.007137
300,2007/7/13,3820.124,0.000839
300,2007/7/16,3697.966,-0.031977
300,2007/7/17,3789.651,0.024793
300,2007/7/18,3807.574,0.004729
300,2007/7/19,3806.997,-0.000152
300,2007/7/20,3971.884,0.043312
300,2007/7/23,4156.723,0.046537
300,2007/7/24,4161.352,0.001114
300,2007/7/25,4255.463,0.022615
300,2007/7/26,4303.185,0.011214
300,2007/7/27,4307.143,0.00092
300,2007/7/30,4410.297,0.02395
300,2007/7/31,4460.564,0.011398
300,2007/8/1,4290.477,-0.038131
300,2007/8/2,4436.192,0.033962
300,2007/8/3,4598.379,0.03656
300,2007/8/6,4703.984,0.022966
300,2007/8/7,4724.547,0.004371
300,2007/8/8,4668.087,-0.01195
300,2007/8/9,4777.286,0.023393
300,2007/8/10,4726.683,-0.010592
300,2007/8/13,4721.192,-0.001162
300,2007/8/14,4795.568,0.015754
300,2007/8/15,4798.75,0.000664
300,2007/8/16,4721.942,-0.016006
300,2007/8/17,4626.583,-0.020195
300,2007/8/20,4885.427,0.055947
300,2007/8/21,4972.711,0.017866
300,2007/8/22,5051.688,0.015882
300,2007/8/23,5135.93,0.016676
300,2007/8/24,5217.581,0.015898
300,2007/8/27,5243.147,0.0049
300,2007/8/28,5251.77,0.001645
300,2007/8/29,5171.822,-0.015223
300,2007/8/30,5241.228,0.01342
300,2007/8/31,5296.813,0.010605
300,2007/9/3,5419.169,0.0231
300,2007/9/4,5360.333,-0.010857
300,2007/9/5,5363.251,0.000544
300,2007/9/6,5412.037,0.009096
300,2007/9/7,5294.795,-0.021663
300,2007/9/10,5377.222,0.015568
300,2007/9/11,5124.092,-0.047074
300,2007/9/12,5202.856,0.015371
300,2007/9/13,5349.97,0.028276
300,2007/9/14,5397.278,0.008843
300,2007/9/17,5498.908,0.01883
300,2007/9/18,5476.839,-0.004013
300,2007/9/19,5419.268,-0.010512
300,2007/9/20,5494.915,0.013959
300,2007/9/21,5468.098,-0.00488
300,2007/9/24,5513.895,0.008375
300,2007/9/25,5454.615,-0.010751
300,2007/9/26,5361.021,-0.017159
300,2007/9/27,5427.657,0.01243
300,2007/9/28,5580.813,0.028218
300,2007/10/8,5653.136,0.012959
300,2007/10/9,5675.927,0.004032
300,2007/10/10,5685.759,0.001732
300,2007/10/11,5760.078,0.013071
300,2007/10/12,5737.221,-0.003968
300,2007/10/15,5821.447,0.014681
300,2007/10/16,5877.202,0.009578
300,2007/10/17,5824.117,-0.009032
300,2007/10/18,5615.747,-0.035777
300,2007/10/19,5614.06,-0.0003
300,2007/10/22,5472.677,-0.025184
300,2007/10/23,5540.09,0.012318
300,2007/10/24,5588.014,0.00865
300,2007/10/25,5333.792,-0.045494
300,2007/10/26,5394.807,0.011439
300,2007/10/29,5508.357,0.021048
300,2007/10/30,5596.068,0.015923
300,2007/10/31,5688.543,0.016525
300,2007/11/1,5605.232,-0.014645
300,2007/11/2,5472.93,-0.023603
300,2007/11/5,5360.305,-0.020579
300,2007/11/6,5317.549,-0.007976
300,2007/11/7,5350.629,0.006221
300,2007/11/8,5093.669,-0.048024
300,2007/11/9,5040.525,-0.010433
300,2007/11/12,4978.252,-0.012354
300,2007/11/13,4939.244,-0.007836
300,2007/11/14,5145.888,0.041837
300,2007/11/15,5081.113,-0.012588
300,2007/11/16,5007.662,-0.014456
300,2007/11/19,4994.416,-0.002645
300,2007/11/20,5069.382,0.01501
300,2007/11/21,4997.62,-0.014156
300,2007/11/22,4772.617,-0.045022
300,2007/11/23,4856.161,0.017505
300,2007/11/26,4800.082,-0.011548
300,2007/11/27,4711.152,-0.018527
300,2007/11/28,4648.751,-0.013245
300,2007/11/29,4842.07,0.041585
300,2007/11/30,4737.408,-0.021615
300,2007/12/3,4772.674,0.007444
300,2007/12/4,4829.214,0.011847
300,2007/12/5,4965.947,0.028314
300,2007/12/6,4971.055,0.001029
300,2007/12/7,5041.35,0.014141
300,2007/12/10,5133.562,0.018291
300,2007/12/11,5140,0.001254
300,2007/12/12,5077.39,-0.012181
300,2007/12/13,4884.298,-0.03803
300,2007/12/14,4977.652,0.019113
300,2007/12/17,4857.289,-0.024181
300,2007/12/18,4829.909,-0.005637
300,2007/12/19,4946.285,0.024095
300,2007/12/20,5037.195,0.018379
300,2007/12/21,5101.852,0.012836
300,2007/12/24,5207.134,0.020636
300,2007/12/25,5216.813,0.001859
300,2007/12/26,5265.026,0.009242
300,2007/12/27,5367.53,0.019469
300,2007/12/28,5338.275,-0.00545
300,2008/1/2,5385.103,0.008772
300,2008/1/3,5422.034,0.006858
300,2008/1/4,5483.65,0.011364
300,2008/1/7,5556.593,0.013302
300,2008/1/8,5528.054,-0.005136
300,2008/1/9,5613.758,0.015503
300,2008/1/10,5672.154,0.010402
300,2008/1/11,5699.147,0.004759
300,2008/1/14,5731.757,0.005722
300,2008/1/15,5696.45,-0.00616
300,2008/1/16,5505.717,-0.033483
300,2008/1/17,5365.624,-0.025445
300,2008/1/18,5414.468,0.009103
300,2008/1/21,5145.734,-0.049633
300,2008/1/22,4753.868,-0.076154
300,2008/1/23,4975.111,0.04654
300,2008/1/24,5027.213,0.010473
300,2008/1/25,5077.429,0.009989
300,2008/1/28,4731.883,-0.068055
300,2008/1/29,4762.083,0.006382
300,2008/1/30,4710.652,-0.0108
300,2008/1/31,4620.401,-0.019159
300,2008/2/1,4571.945,-0.010487
300,2008/2/4,4950.124,0.082717
300,2008/2/5,4921.829,-0.005716
300,2008/2/13,4816.084,-0.021485
300,2008/2/14,4880.252,0.013324
300,2008/2/15,4813.311,-0.013717
300,2008/2/18,4910.992,0.020294
300,2008/2/19,5020.753,0.02235
300,2008/2/20,4908.717,-0.022315
300,2008/2/21,4876.03,-0.006659
300,2008/2/22,4702.241,-0.035641
300,2008/2/25,4519.783,-0.038802
300,2008/2/26,4515.533,-0.00094
300,2008/2/27,4639.768,0.027513
300,2008/2/28,4622.056,-0.003817
300,2008/2/29,4674.55,0.011357
300,2008/3/3,4790.744,0.024857
300,2008/3/4,4671.148,-0.024964
300,2008/3/5,4628.724,-0.009082
300,2008/3/6,4685.03,0.012164
300,2008/3/7,4621.685,-0.013521
300,2008/3/10,4431.589,-0.041131
300,2008/3/11,4441.184,0.002165
300,2008/3/12,4309.648,-0.029617
300,2008/3/13,4198.96,-0.025684
300,2008/3/14,4157.871,-0.009786
300,2008/3/17,3965.279,-0.04632
300,2008/3/18,3763.948,-0.050773
300,2008/3/19,3888.861,0.033187
300,2008/3/20,4001.832,0.02905
300,2008/3/21,4037.83,0.008995
300,2008/3/24,3857.091,-0.044761
300,2008/3/25,3905.774,0.012622
300,2008/3/26,3914.37,0.002201
300,2008/3/27,3748.92,-0.042267
300,2008/3/28,3918.156,0.045143
300,2008/3/31,3790.53,-0.032573
300,2008/4/1,3582.855,-0.054788
300,2008/4/2,3547.977,-0.009735
300,2008/4/3,3650.698,0.028952
300,2008/4/7,3845.822,0.053448
300,2008/4/8,3891.059,0.011763
300,2008/4/9,3688.125,-0.052154
300,2008/4/10,3754.715,0.018055
300,2008/4/11,3783.728,0.007727
300,2008/4/14,3536.327,-0.065386
300,2008/4/15,3583.299,0.013283
300,2008/4/16,3494.016,-0.024916
300,2008/4/17,3386.63,-0.030734
300,2008/4/18,3272.499,-0.0337
300,2008/4/21,3267.554,-0.001511
300,2008/4/22,3296.277,0.00879
300,2008/4/23,3453.727,0.047766
300,2008/4/24,3774.504,0.092879
300,2008/4/25,3803.07,0.007568
300,2008/4/28,3729.154,-0.019436
300,2008/4/29,3776.943,0.012815
300,2008/4/30,3959.119,0.048234
300,2008/5/5,4055.779,0.024415
300,2008/5/6,4010.888,-0.011068
300,2008/5/7,3821.319,-0.047264
300,2008/5/8,3925.041,0.027143
300,2008/5/9,3878.924,-0.011749
300,2008/5/12,3904.92,0.006702
300,2008/5/13,3851.687,-0.013632
300,2008/5/14,3975.782,0.032218
300,2008/5/15,3948.088,-0.006966
300,2008/5/16,3936.121,-0.003031
300,2008/5/19,3914.072,-0.005602
300,2008/5/20,3710.818,-0.051929
300,2008/5/21,3783.049,0.019465
300,2008/5/22,3711.444,-0.018928
300,2008/5/23,3675.147,-0.00978
300,2008/5/26,3559.217,-0.031544
300,2008/5/27,3576.197,0.004771
300,2008/5/28,3676.23,0.027972
300,2008/5/29,3580.868,-0.02594
300,2008/5/30,3611.33,0.008507
300,2008/6/2,3625.826,0.004014
300,2008/6/3,3614.111,-0.003231
300,2008/6/4,3546.916,-0.018592
300,2008/6/5,3512.138,-0.009805
300,2008/6/6,3489.502,-0.006445
300,2008/6/10,3206.562,-0.081083
300,2008/6/11,3140.299,-0.020665
300,2008/6/12,3084.633,-0.017726
300,2008/6/13,2979.117,-0.034207
300,2008/6/16,2952.242,-0.009021
300,2008/6/17,2842.676,-0.037113
300,2008/6/18,2991.273,0.052274
300,2008/6/19,2773.076,-0.072945
300,2008/6/20,2849.668,0.02762
300,2008/6/23,2789.941,-0.020959
300,2008/6/24,2851.915,0.022213
300,2008/6/25,2969.537,0.041243
300,2008/6/26,2980.907,0.003829
300,2008/6/27,2816.021,-0.055314
300,2008/6/30,2791.819,-0.008594
300,2008/7/1,2698.347,-0.033481
300,2008/7/2,2699.597,0.000463
300,2008/7/3,2760.612,0.022602
300,2008/7/4,2741.852,-0.006796
300,2008/7/7,2882.763,0.051393
300,2008/7/8,2901.841,0.006618
300,2008/7/9,3015.126,0.039039
300,2008/7/10,2973.728,-0.01373
300,2008/7/11,2953.498,-0.006803
300,2008/7/14,2975.874,0.007576
300,2008/7/15,2852.979,-0.041297
300,2008/7/16,2745.596,-0.037639
300,2008/7/17,2718.068,-0.010026
300,2008/7/18,2815.462,0.035832
300,2008/7/21,2911.051,0.033951
300,2008/7/22,2904.743,-0.002167
300,2008/7/23,2883.32,-0.007375
300,2008/7/24,2977.362,0.032616
300,2008/7/25,2939.202,-0.012817
300,2008/7/28,2960.851,0.007366
300,2008/7/29,2905.63,-0.01865
300,2008/7/30,2884.384,-0.007312
300,2008/7/31,2805.21,-0.027449
300,2008/8/1,2840.788,0.012683
300,2008/8/4,2773.15,-0.02381
300,2008/8/5,2703.079,-0.025268
300,2008/8/6,2721.693,0.006886
300,2008/8/7,2720.442,-0.00046
300,2008/8/8,2591.462,-0.047411
300,2008/8/11,2456.811,-0.051959
300,2008/8/12,2444.155,-0.005151
300,2008/8/13,2444.672,0.000212
300,2008/8/14,2443.512,-0.000475
300,2008/8/15,2447.615,0.001679
300,2008/8/18,2313.402,-0.054834
300,2008/8/19,2348.472,0.015159
300,2008/8/20,2532.94,0.078548
300,2008/8/21,2443.979,-0.035122
300,2008/8/22,2404.928,-0.015978
300,2008/8/25,2400.548,-0.001821
300,2008/8/26,2331.532,-0.02875
300,2008/8/27,2325.292,-0.002676
300,2008/8/28,2335.865,0.004547
300,2008/8/29,2391.64,0.023878
300,2008/9/1,2309.171,-0.034482
300,2008/9/2,2285.411,-0.010289
300,2008/9/3,2245.964,-0.01726
300,2008/9/4,2251.146,0.002307
300,2008/9/5,2183.432,-0.03008
300,2008/9/8,2126.518,-0.026066
300,2008/9/9,2139.145,0.005938
300,2008/9/10,2143.176,0.001884
300,2008/9/11,2072.126,-0.033152
300,2008/9/12,2077.846,0.00276
300,2008/9/16,2000.651,-0.037151
300,2008/9/17,1929.135,-0.035746
300,2008/9/18,1895.99,-0.017181
300,2008/9/19,2073.113,0.09342
300,2008/9/22,2207.614,0.064879
300,2008/9/23,2123.478,-0.038112
300,2008/9/24,2138.853,0.00724
300,2008/9/25,2223.532,0.039591
300,2008/9/26,2243.657,0.009051
300,2008/10/6,2128.696,-0.051238
300,2008/10/7,2102.448,-0.012331
300,2008/10/8,2022.881,-0.037845
300,2008/10/9,1995.297,-0.013636
300,2008/10/10,1906.96,-0.044273
300,2008/10/13,1985.486,0.041179
300,2008/10/14,1934.619,-0.025619
300,2008/10/15,1914.356,-0.010474
300,2008/10/16,1820.903,-0.048817
300,2008/10/17,1833.262,0.006787
300,2008/10/20,1896.733,0.034622
300,2008/10/21,1881.406,-0.008081
300,2008/10/22,1833.323,-0.025557
300,2008/10/23,1834.78,0.000795
300,2008/10/24,1781.598,-0.028985
300,2008/10/27,1654.671,-0.071243
300,2008/10/28,1705.82,0.030912
300,2008/10/29,1658.223,-0.027903
300,2008/10/30,1697.656,0.02378
300,2008/10/31,1663.66,-0.020025
300,2008/11/3,1653.542,-0.006082
300,2008/11/4,1627.759,-0.015593
300,2008/11/5,1691.42,0.03911
300,2008/11/6,1649.776,-0.024621
300,2008/11/7,1677.827,0.017003
300,2008/11/10,1801.665,0.073809
300,2008/11/11,1781.361,-0.01127
300,2008/11/12,1801.823,0.011487
300,2008/11/13,1874.082,0.040103
300,2008/11/14,1943.654,0.037123
300,2008/11/17,1987.225,0.022417
300,2008/11/18,1839.819,-0.074177
300,2008/11/19,1953.163,0.061606
300,2008/11/20,1932.428,-0.010616
300,2008/11/21,1920.735,-0.006051
300,2008/11/24,1837.642,-0.043261
300,2008/11/25,1834.294,-0.001822
300,2008/11/26,1843.495,0.005016
300,2008/11/27,1870.473,0.014634
300,2008/11/28,1829.924,-0.021678
300,2008/12/1,1864.205,0.018734
300,2008/12/2,1868.631,0.002374
300,2008/12/3,1952.668,0.044972
300,2008/12/4,1982.928,0.015497
300,2008/12/5,2013.175,0.015254
300,2008/12/8,2095.036,0.040663
300,2008/12/9,2040.847,-0.025865
300,2008/12/10,2096.393,0.027217
300,2008/12/11,2046.337,-0.023877
300,2008/12/12,1960.38,-0.042005
300,2008/12/15,1975.034,0.007475
300,2008/12/16,1994.45,0.009831
300,2008/12/17,2001.42,0.003495
300,2008/12/18,2045.102,0.021826
300,2008/12/19,2052.114,0.003429
300,2008/12/22,2017.549,-0.016844
300,2008/12/23,1918.955,-0.048868
300,2008/12/24,1887.075,-0.016613
300,2008/12/25,1870.765,-0.008643
300,2008/12/26,1862.096,-0.004634
300,2008/12/29,1854.757,-0.003941
300,2008/12/30,1833.435,-0.011496
300,2008/12/31,1817.722,-0.00857
300,2009/1/5,1882.959,0.035889
300,2009/1/6,1942.795,0.031778
300,2009/1/7,1931.178,-0.00598
300,2009/1/8,1887.991,-0.022363
300,2009/1/9,1918.365,0.016088
300,2009/1/12,1920.687,0.00121
300,2009/1/13,1876.185,-0.02317
300,2009/1/14,1955.244,0.042138
300,2009/1/15,1954.874,-0.000189
300,2009/1/16,1990.214,0.018078
300,2009/1/19,2012.465,0.01118
300,2009/1/20,2025.19,0.006323
300,2009/1/21,2021.71,-0.001718
300,2009/1/22,2044.551,0.011298
300,2009/1/23,2032.682,-0.005805
300,2009/2/2,2057.063,0.011994
300,2009/2/3,2108.91,0.025204
300,2009/2/4,2166.414,0.027267
300,2009/2/5,2150.971,-0.007128
300,2009/2/6,2237.28,0.040126
300,2009/2/9,2296.672,0.026547
300,2009/2/10,2326.755,0.013099
300,2009/2/11,2331.138,0.001884
300,2009/2/12,2318.343,-0.005489
300,2009/2/13,2399.065,0.034819
300,2009/2/16,2462.245,0.026335
300,2009/2/17,2385.293,-0.031253
300,2009/2/18,2275.843,-0.045885
300,2009/2/19,2298.412,0.009917
300,2009/2/20,2344.32,0.019974
300,2009/2/23,2410.481,0.028222
300,2009/2/24,2301.849,-0.045067
300,2009/2/25,2304.251,0.001044
300,2009/2/26,2190.185,-0.049502
300,2009/2/27,2140.489,-0.02269
300,2009/3/2,2164.666,0.011295
300,2009/3/3,2142.154,-0.0104
300,2009/3/4,2285.149,0.066753
300,2009/3/5,2304.919,0.008652
300,2009/3/6,2286.576,-0.007958
300,2009/3/9,2202.527,-0.036758
300,2009/3/10,2240.782,0.017369
300,2009/3/11,2220.38,-0.009105
300,2009/3/12,2215.7,-0.002108
300,2009/3/13,2205.422,-0.004639
300,2009/3/16,2241.614,0.01641
300,2009/3/17,2322.403,0.036041
300,2009/3/18,2332.652,0.004413
300,2009/3/19,2382.564,0.021397
300,2009/3/20,2379.838,-0.001144
300,2009/3/23,2439.395,0.025026
300,2009/3/24,2451.783,0.005078
300,2009/3/25,2401.327,-0.020579
300,2009/3/26,2479.789,0.032674
300,2009/3/27,2498.931,0.007719
300,2009/3/30,2484.487,-0.00578
300,2009/3/31,2507.789,0.009379
300,2009/4/1,2548.222,0.016123
300,2009/4/2,2576.4,0.011058
300,2009/4/3,2570.503,-0.002289
300,2009/4/7,2576.95,0.002508
300,2009/4/8,2479.348,-0.037875
300,2009/4/9,2517.669,0.015456
300,2009/4/10,2595.53,0.030926
300,2009/4/13,2656.518,0.023497
300,2009/4/14,2676.872,0.007662
300,2009/4/15,2686.99,0.00378
300,2009/4/16,2687.106,0.000043
300,2009/4/17,2650.691,-0.013552
300,2009/4/20,2707.667,0.021495
300,2009/4/21,2675.442,-0.011901
300,2009/4/22,2576.281,-0.037063
300,2009/4/23,2593.564,0.006709
300,2009/4/24,2572.888,-0.007972
300,2009/4/27,2513.292,-0.023163
300,2009/4/28,2518.531,0.002085
300,2009/4/29,2605.37,0.03448
300,2009/4/30,2622.926,0.006738
300,2009/5/4,2714.301,0.034837
300,2009/5/5,2727.014,0.004684
300,2009/5/6,2764.979,0.013922
300,2009/5/7,2767.076,0.000758
300,2009/5/8,2789.219,0.008002
300,2009/5/11,2725.316,-0.022911
300,2009/5/12,2788.562,0.023207
300,2009/5/13,2814.005,0.009124
300,2009/5/14,2792.597,-0.007608
300,2009/5/15,2796.116,0.00126
300,2009/5/18,2810.573,0.00517
300,2009/5/19,2840.084,0.0105
300,2009/5/20,2812.865,-0.009584
300,2009/5/21,2750.01,-0.022346
300,2009/5/22,2740.677,-0.003394
300,2009/5/25,2752.716,0.004393
300,2009/5/26,2719.764,-0.011971
300,2009/5/27,2753.084,0.012251
300,2009/6/1,2858.342,0.038233
300,2009/6/2,2865.099,0.002364
300,2009/6/3,2939.387,0.025929
300,2009/6/4,2953.751,0.004887
300,2009/6/5,2939.306,-0.00489
300,2009/6/8,2948.478,0.00312
300,2009/6/9,2960.556,0.004096
300,2009/6/10,2989.595,0.009809
300,2009/6/11,2961.629,-0.009354
300,2009/6/12,2906.286,-0.018687
300,2009/6/15,2966.192,0.020613
300,2009/6/16,2961.22,-0.001676
300,2009/6/17,3010.588,0.016672
300,2009/6/18,3057.428,0.015558
300,2009/6/19,3080.001,0.007383
300,2009/6/22,3082.563,0.000832
300,2009/6/23,3083.895,0.000432
300,2009/6/24,3120.73,0.011944
300,2009/6/25,3117.921,-0.0009
300,2009/6/26,3128.421,0.003368
300,2009/6/29,3179.972,0.016478
300,2009/6/30,3166.474,-0.004245
300,2009/7/1,3237.903,0.022558
300,2009/7/2,3282.359,0.01373
300,2009/7/3,3327.135,0.013641
300,2009/7/6,3374.753,0.014312
300,2009/7/7,3340.493,-0.010152
300,2009/7/8,3352.269,0.003525
300,2009/7/9,3396.304,0.013136
300,2009/7/10,3398.31,0.000591
300,2009/7/13,3361.011,-0.010976
300,2009/7/14,3454.753,0.027891
300,2009/7/15,3493.305,0.011159
300,2009/7/16,3501.24,0.002271
300,2009/7/17,3519.809,0.005304
300,2009/7/20,3591.123,0.020261
300,2009/7/21,3539.832,-0.014283
300,2009/7/22,3606.924,0.018953
300,2009/7/23,3651.969,0.012488
300,2009/7/24,3667.556,0.004268
300,2009/7/27,3743.626,0.020741
300,2009/7/28,3755.818,0.003257
300,2009/7/29,3558.508,-0.052534
300,2009/7/30,3634.818,0.021444
300,2009/7/31,3734.622,0.027458
300,2009/8/3,3787.033,0.014034
300,2009/8/4,3786.615,-0.00011
300,2009/8/5,3740.936,-0.012063
300,2009/8/6,3663.12,-0.020801
300,2009/8/7,3555.095,-0.02949
300,2009/8/10,3544.539,-0.002969
300,2009/8/11,3556.375,0.003339
300,2009/8/12,3397.4,-0.044701
300,2009/8/13,3440.82,0.01278
300,2009/8/14,3344.462,-0.028004
300,2009/8/17,3140.271,-0.061053
300,2009/8/18,3171.986,0.010099
300,2009/8/19,3014.568,-0.049628
300,2009/8/20,3144.39,0.043065
300,2009/8/21,3203.624,0.018838
300,2009/8/24,3229.6,0.008108
300,2009/8/25,3109.83,-0.037085
300,2009/8/26,3172.386,0.020116
300,2009/8/27,3156.301,-0.00507
300,2009/8/28,3046.781,-0.034699
300,2009/8/31,2830.271,-0.071062
300,2009/9/1,2843.7,0.004745
300,2009/9/2,2890.926,0.016607
300,2009/9/3,3051.964,0.055705
300,2009/9/4,3077.142,0.00825
300,2009/9/7,3104.208,0.008796
300,2009/9/8,3170.967,0.021506
300,2009/9/9,3194.909,0.00755
300,2009/9/10,3162.914,-0.010014
300,2009/9/11,3238.133,0.023782
300,2009/9/14,3293.394,0.017066
300,2009/9/15,3302.642,0.002808
300,2009/9/16,3258.236,-0.013446
300,2009/9/17,3320.096,0.018986
300,2009/9/18,3199.689,-0.036266
300,2009/9/21,3208.604,0.002786
300,2009/9/22,3131.026,-0.024178
300,2009/9/23,3060.069,-0.022663
300,2009/9/24,3080.926,0.006816
300,2009/9/25,3058.528,-0.00727
300,2009/9/28,2972.643,-0.028081
300,2009/9/29,2972.286,-0.00012
300,2009/9/30,3004.805,0.010941
300,2009/10/9,3163.708,0.052883
300,2009/10/12,3151.632,-0.003817
300,2009/10/13,3198.517,0.014876
300,2009/10/14,3227.399,0.00903
300,2009/10/15,3239.643,0.003794
300,2009/10/16,3241.709,0.000638
300,2009/10/19,3329.158,0.026976
300,2009/10/20,3377.574,0.014543
300,2009/10/21,3369.285,-0.002454
300,2009/10/22,3347.32,-0.006519
300,2009/10/23,3413.252,0.019697
300,2009/10/26,3414.239,0.000289
300,2009/10/27,3314.722,-0.029148
300,2009/10/28,3329.327,0.004406
300,2009/10/29,3247.051,-0.024713
300,2009/10/30,3280.372,0.010262
300,2009/11/2,3392.803,0.034274
300,2009/11/3,3435.425,0.012562
300,2009/11/4,3453.888,0.005374
300,2009/11/5,3464.318,0.00302
300,2009/11/6,3483.021,0.005399
300,2009/11/9,3495.788,0.003665
300,2009/11/10,3503.776,0.002285
300,2009/11/11,3495.674,-0.002312
300,2009/11/12,3499.992,0.001235
300,2009/11/13,3518.722,0.005351
300,2009/11/16,3625.798,0.03043
300,2009/11/17,3628.354,0.000705
300,2009/11/18,3630.229,0.000517
300,2009/11/19,3642.437,0.003363
300,2009/11/20,3631.013,-0.003136
300,2009/11/23,3665.509,0.0095
300,2009/11/24,3548.08,-0.032036
300,2009/11/25,3629.629,0.022984
300,2009/11/26,3485.773,-0.039634
300,2009/11/27,3382.51,-0.029624
300,2009/11/30,3511.669,0.038184
300,2009/12/1,3560.831,0.014
300,2009/12/2,3597.329,0.01025
300,2009/12/3,3590.876,-0.001794
300,2009/12/4,3643.491,0.014652
300,2009/12/7,3668.832,0.006955
300,2009/12/8,3624.019,-0.012215
300,2009/12/9,3554.478,-0.019189
300,2009/12/10,3577.237,0.006403
300,2009/12/11,3575.02,-0.00062
300,2009/12/14,3612.753,0.010555
300,2009/12/15,3583.341,-0.008141
300,2009/12/16,3560.723,-0.006312
300,2009/12/17,3480.153,-0.022627
300,2009/12/18,3391.735,-0.025406
300,2009/12/21,3396.622,0.001441
300,2009/12/22,3305.543,-0.026815
300,2009/12/23,3336.48,0.009359
300,2009/12/24,3438.817,0.030672
300,2009/12/25,3424.783,-0.004081
300,2009/12/28,3478.433,0.015665
300,2009/12/29,3500.737,0.006412
300,2009/12/30,3558.857,0.016602
300,2009/12/31,3575.684,0.004728
300,2010/1/4,3535.229,-0.011314
300,2010/1/5,3564.038,0.008149
300,2010/1/6,3541.727,-0.00626
300,2010/1/7,3471.456,-0.019841
300,2010/1/8,3480.13,0.002499
300,2010/1/11,3482.052,0.000552
300,2010/1/12,3534.916,0.015182
300,2010/1/13,3421.144,-0.032185
300,2010/1/14,3469.051,0.014003
300,2010/1/15,3482.738,0.003945
300,2010/1/18,3500.684,0.005153
300,2010/1/19,3507.482,0.001942
300,2010/1/20,3394.434,-0.032231
300,2010/1/21,3408.574,0.004166
300,2010/1/22,3366.197,-0.012432
300,2010/1/25,3328.014,-0.011343
300,2010/1/26,3242.797,-0.025606
300,2010/1/27,3198.566,-0.01364
300,2010/1/28,3206.57,0.002502
300,2010/1/29,3204.155,-0.000753
300,2010/2/1,3152.707,-0.016057
300,2010/2/2,3146.189,-0.002067
300,2010/2/3,3230.715,0.026866
300,2010/2/4,3218.802,-0.003687
300,2010/2/5,3153.087,-0.020416
300,2010/2/8,3150.988,-0.000666
300,2010/2/9,3169.19,0.005777
300,2010/2/10,3214.13,0.01418
300,2010/2/11,3220.398,0.00195
300,2010/2/12,3251.278,0.009589
300,2010/2/22,3233.345,-0.005516
300,2010/2/23,3198.634,-0.010735
300,2010/2/24,3244.483,0.014334
300,2010/2/25,3292.128,0.014685
300,2010/2/26,3281.666,-0.003178
300,2010/3/1,3324.423,0.013029
300,2010/3/2,3311.236,-0.003967
300,2010/3/3,3335.081,0.007201
300,2010/3/4,3250.573,-0.025339
300,2010/3/5,3259.764,0.002828
300,2010/3/8,3286.178,0.008103
300,2010/3/9,3305.863,0.00599
300,2010/3/10,3279.694,-0.007916
300,2010/3/11,3276.705,-0.000911
300,2010/3/12,3233.126,-0.0133
300,2010/3/15,3183.183,-0.015447
300,2010/3/16,3203.971,0.006531
300,2010/3/17,3273.916,0.021831
300,2010/3/18,3267.555,-0.001943
300,2010/3/19,3293.871,0.008054
300,2010/3/22,3302.628,0.002659
300,2010/3/23,3275.573,-0.008192
300,2010/3/24,3276.669,0.000335
300,2010/3/25,3229.128,-0.014509
300,2010/3/26,3275.002,0.014206
300,2010/3/29,3358.54,0.025508
300,2010/3/30,3366.708,0.002432
300,2010/3/31,3345.607,-0.006268
300,2010/4/1,3391.935,0.013847
300,2010/4/2,3407.346,0.004543
300,2010/4/6,3405.145,-0.000646
300,2010/4/7,3386.949,-0.005344
300,2010/4/8,3346.744,-0.011871
300,2010/4/9,3379.17,0.009689
300,2010/4/12,3351.478,-0.008195
300,2010/4/13,3391.716,0.012006
300,2010/4/14,3403.707,0.003535
300,2010/4/15,3394.574,-0.002683
300,2010/4/16,3356.332,-0.011266
300,2010/4/19,3176.423,-0.053603
300,2010/4/20,3173.374,-0.00096
300,2010/4/21,3236.679,0.019949
300,2010/4/22,3201.541,-0.010856
300,2010/4/23,3190.003,-0.003604
300,2010/4/26,3171.997,-0.005645
300,2010/4/27,3108.409,-0.020047
300,2010/4/28,3097.353,-0.003557
300,2010/4/29,3060.064,-0.012039
300,2010/4/30,3067.365,0.002386
300,2010/5/4,3019.449,-0.015621
300,2010/5/5,3036.394,0.005612
300,2010/5/6,2896.856,-0.045955
300,2010/5/7,2836.789,-0.020735
300,2010/5/10,2858.233,0.007559
300,2010/5/11,2800.817,-0.020088
300,2010/5/12,2818.16,0.006192
300,2010/5/13,2886.911,0.024396
300,2010/5/14,2868.023,-0.006543
300,2010/5/17,2714.715,-0.053454
300,2010/5/18,2771.348,0.020861
300,2010/5/19,2762.174,-0.00331
300,2010/5/20,2726.022,-0.013088
300,2010/5/21,2768.791,0.015689
300,2010/5/24,2873.469,0.037806
300,2010/5/25,2813.943,-0.020716
300,2010/5/26,2813.944,0
300,2010/5/27,2859.979,0.01636
300,2010/5/28,2850.302,-0.003384
300,2010/5/31,2773.264,-0.027028
300,2010/6/1,2744.162,-0.010494
300,2010/6/2,2757.527,0.00487
300,2010/6/3,2736.076,-0.007779
300,2010/6/4,2744.391,0.003039
300,2010/6/7,2695.715,-0.017737
300,2010/6/8,2699.336,0.001343
300,2010/6/9,2782.133,0.030673
300,2010/6/10,2750.023,-0.011542
300,2010/6/11,2758.866,0.003216
300,2010/6/17,2742.733,-0.005848
300,2010/6/18,2696.166,-0.016978
300,2010/6/21,2780.663,0.03134
300,2010/6/22,2783.72,0.001099
300,2010/6/23,2758.495,-0.009062
300,2010/6/24,2757.498,-0.000361
300,2010/6/25,2736.287,-0.007692
300,2010/6/28,2716.777,-0.00713
300,2010/6/29,2592.019,-0.045921
300,2010/6/30,2563.07,-0.011169
300,2010/7/1,2526.071,-0.014435
300,2010/7/2,2534.105,0.00318
300,2010/7/5,2512.651,-0.008466
300,2010/7/6,2562.902,0.019999
300,2010/7/7,2580.477,0.006857
300,2010/7/8,2575.921,-0.001766
300,2010/7/9,2647.104,0.027634
300,2010/7/12,2676.218,0.010998
300,2010/7/13,2634.593,-0.015554
300,2010/7/14,2653.609,0.007218
300,2010/7/15,2608.519,-0.016992
300,2010/7/16,2616.128,0.002917
300,2010/7/19,2682.472,0.02536
300,2010/7/20,2741.503,0.022006
300,2010/7/21,2747.335,0.002127
300,2010/7/22,2781.286,0.012358
300,2010/7/23,2793.076,0.004239
300,2010/7/26,2811.055,0.006437
300,2010/7/27,2795.724,-0.005454
300,2010/7/28,2863.724,0.024323
300,2010/7/29,2877.976,0.004977
300,2010/7/30,2868.846,-0.003172
300,2010/8/2,2917.275,0.016881
300,2010/8/3,2865.971,-0.017586
300,2010/8/4,2876.434,0.003651
300,2010/8/5,2850.829,-0.008902
300,2010/8/6,2897.659,0.016427
300,2010/8/9,2918.241,0.007103
300,2010/8/10,2832.638,-0.029334
300,2010/8/11,2850.211,0.006204
300,2010/8/12,2816.386,-0.011868
300,2010/8/13,2855.547,0.013905
300,2010/8/16,2922.083,0.023301
300,2010/8/17,2942.291,0.006916
300,2010/8/18,2937.362,-0.001675
300,2010/8/19,2955.395,0.006139
300,2010/8/20,2898.333,-0.019308
300,2010/8/23,2896.192,-0.000739
300,2010/8/24,2911.827,0.005398
300,2010/8/25,2843.023,-0.023629
300,2010/8/26,2850.093,0.002487
300,2010/8/27,2858.566,0.002973
300,2010/8/30,2915.01,0.019746
300,2010/8/31,2903.188,-0.004056
300,2010/9/1,2884.042,-0.006595
300,2010/9/2,2921.393,0.012951
300,2010/9/3,2920.205,-0.000407
300,2010/9/6,2975.09,0.018795
300,2010/9/7,2983.108,0.002695
300,2010/9/8,2980.967,-0.000718
300,2010/9/9,2926.46,-0.018285
300,2010/9/10,2932.554,0.002082
300,2010/9/13,2962.319,0.01015
300,2010/9/14,2965.009,0.000908
300,2010/9/15,2913.194,-0.017475
300,2010/9/16,2857.789,-0.019019
300,2010/9/17,2861.369,0.001253
300,2010/9/20,2849.828,-0.004033
300,2010/9/21,2857.476,0.002684
300,2010/9/27,2905.029,0.016642
300,2010/9/28,2880.907,-0.008304
300,2010/9/29,2874.812,-0.002116
300,2010/9/30,2935.574,0.021136
300,2010/10/8,3044.233,0.037015
300,2010/10/11,3132.895,0.029125
300,2010/10/12,3172.726,0.012714
300,2010/10/13,3217.577,0.014136
300,2010/10/14,3224.14,0.00204
300,2010/10/15,3327.683,0.032115
300,2010/10/18,3306.16,-0.006468
300,2010/10/19,3375.674,0.021026
300,2010/10/20,3396.879,0.006282
300,2010/10/21,3374.685,-0.006534
300,2010/10/22,3378.655,0.001176
300,2010/10/25,3481.081,0.030316
300,2010/10/26,3466.084,-0.004308
300,2010/10/27,3403.872,-0.017949
300,2010/10/28,3397.692,-0.001816
300,2010/10/29,3379.983,-0.005212
300,2010/11/1,3472.995,0.027518
300,2010/11/2,3463.131,0.0246
300,2010/11/3,3420.341,-0.012356
300,2010/11/4,3480.505,0.01759
300,2010/11/5,3520.798,0.011577
300,2010/11/8,3548.566,0.007887
300,2010/11/9,3523.954,-0.006936
300,2010/11/10,3499.111,-0.00705
300,2010/11/11,3509.975,0.003105
300,2010/11/12,3291.833,-0.062149
300,2010/11/15,3314.893,0.007005
300,2010/11/16,3169.538,-0.043849
300,2010/11/17,3103.906,-0.020707
300,2010/11/18,3147.962,0.014194
300,2010/11/19,3178.846,0.009811
300,2010/11/22,3171.941,-0.002172
300,2010/11/23,3107.176,-0.020418
300,2010/11/24,3177.043,0.022486
300,2010/11/25,3223.484,0.014618
300,2010/11/26,3194.853,-0.008882
300,2010/11/29,3190.05,-0.001503
300,2010/11/30,3136.985,-0.016635
300,2010/12/1,3136.024,-0.000306
300,2010/12/2,3155.059,0.00607
300,2010/12/3,3158.156,0.000982
300,2010/12/6,3165.57,0.002348
300,2010/12/7,3200.339,0.010983
300,2010/12/8,3171.882,-0.008892
300,2010/12/9,3123.366,-0.015296
300,2010/12/10,3161.977,0.012362
300,2010/12/13,3261.061,0.031336
300,2010/12/14,3269.474,0.00258
300,2010/12/15,3247.644,-0.006677
300,2010/12/16,3230.665,-0.005228
300,2010/12/17,3225.661,-0.001549
300,2010/12/20,3178.657,-0.014572
300,2010/12/21,3249.509,0.02229
300,2010/12/22,3215.453,-0.01048
300,2010/12/23,3188.607,-0.008349
300,2010/12/24,3162.955,-0.008045
300,2010/12/27,3099.709,-0.019996
300,2010/12/28,3044.931,-0.017672
300,2010/12/29,3061.83,0.00555
300,2010/12/30,3064.098,0.000741
300,2010/12/31,3128.261,0.02094
300,2011/1/4,3189.682,0.019634
300,2011/1/5,3175.662,-0.004395
300,2011/1/6,3159.643,-0.005044
300,2011/1/7,3166.624,0.002209
300,2011/1/10,3108.187,-0.018454
300,2011/1/11,3124.922,0.005384
300,2011/1/12,3142.337,0.005573
300,2011/1/13,3141.284,-0.000335
300,2011/1/14,3091.862,-0.015733
300,2011/1/17,2974.35,-0.038007
300,2011/1/18,2977.648,0.001109
300,2011/1/19,3044.851,0.022569
300,2011/1/20,2944.713,-0.032888
300,2011/1/21,2983.456,0.013157
300,2011/1/24,2954.232,-0.009795
300,2011/1/25,2938.654,-0.005273
300,2011/1/26,2978.431,0.013536
300,2011/1/27,3026.466,0.016128
300,2011/1/28,3036.735,0.003393
300,2011/1/31,3076.508,0.013097
300,2011/2/1,3077.283,0.000252
300,2011/2/9,3040.949,-0.011807
300,2011/2/10,3104.163,0.020788
300,2011/2/11,3120.956,0.00541
300,2011/2/14,3219.143,0.031461
300,2011/2/15,3217.671,-0.000457
300,2011/2/16,3248.527,0.00959
300,2011/2/17,3245.907,-0.000807
300,2011/2/18,3211.876,-0.010484
300,2011/2/21,3257.908,0.014332
300,2011/2/22,3163.578,-0.028954
300,2011/2/23,3174.742,0.003529
300,2011/2/24,3190.935,0.005101
300,2011/2/25,3197.617,0.002094
300,2011/2/28,3239.559,0.013117
300,2011/3/1,3254.893,0.004733
300,2011/3/2,3243.298,-0.003562
300,2011/3/3,3221.718,-0.006654
300,2011/3/4,3270.666,0.015193
300,2011/3/7,3334.51,0.01952
300,2011/3/8,3337.457,0.000884
300,2011/3/9,3338.858,0.00042
300,2011/3/10,3280.259,-0.017551
300,2011/3/11,3247.376,-0.010025
300,2011/3/14,3262.92,0.004787
300,2011/3/15,3203.961,-0.018069
300,2011/3/16,3248.195,0.013806
300,2011/3/17,3197.1,-0.01573
300,2011/3/18,3215.685,0.005813
300,2011/3/21,3207.11,-0.002667
300,2011/3/22,3222.961,0.004942
300,2011/3/23,3264.926,0.013021
300,2011/3/24,3251.361,-0.004155
300,2011/3/25,3294.484,0.013263
300,2011/3/28,3290.571,-0.001188
300,2011/3/29,3257.979,-0.009905
300,2011/3/30,3256.08,-0.000583
300,2011/3/31,3223.288,-0.010071
300,2011/4/1,3272.729,0.015339
300,2011/4/6,3311.067,0.011714
300,2011/4/7,3324.419,0.004033
300,2011/4/8,3353.358,0.008705
300,2011/4/11,3333.427,-0.005944
300,2011/4/12,3326.771,-0.001997
300,2011/4/13,3372.031,0.013605
300,2011/4/14,3353.56,-0.005478
300,2011/4/15,3358.944,0.001605
300,2011/4/18,3359.438,0.000147
300,2011/4/19,3295.812,-0.018939
300,2011/4/20,3295.758,-0.000016
300,2011/4/21,3317.367,0.006557
300,2011/4/22,3299.942,-0.005253
300,2011/4/25,3249.574,-0.015263
300,2011/4/26,3230.96,-0.005728
300,2011/4/27,3209.503,-0.006641
300,2011/4/28,3161.776,-0.014871
300,2011/4/29,3192.723,0.009788
300,2011/5/3,3211.132,0.005766
300,2011/5/4,3129.028,-0.025569
300,2011/5/5,3126.117,-0.00093
300,2011/5/6,3121.396,-0.00151
300,2011/5/9,3129.759,0.002679
300,2011/5/10,3153.221,0.007496
300,2011/5/11,3145.085,-0.00258
300,2011/5/12,3101.603,-0.013825
300,2011/5/13,3128.093,0.008541
300,2011/5/16,3100.463,-0.008833
300,2011/5/17,3116.028,0.00502
300,2011/5/18,3139.379,0.007494
300,2011/5/19,3120.639,-0.005969
300,2011/5/20,3121.596,0.000307
300,2011/5/23,3022.98,-0.031592
300,2011/5/24,3026.223,0.001073
300,2011/5/25,2990.343,-0.011856
300,2011/5/26,2978.381,-0.004
300,2011/5/27,2963.308,-0.005061
300,2011/5/30,2954.506,-0.00297
300,2011/5/31,3001.556,0.015925
300,2011/6/1,3004.173,0.000872
300,2011/6/2,2955.705,-0.016134
300,2011/6/3,2986.349,0.010368
300,2011/6/7,3004.262,0.005998
300,2011/6/8,3008.652,0.001461
300,2011/6/9,2951.889,-0.018867
300,2011/6/10,2961.932,0.003402
300,2011/6/13,2950.348,-0.003911
300,2011/6/14,2993.559,0.014646
300,2011/6/15,2963.119,-0.010168
300,2011/6/16,2917.578,-0.015369
300,2011/6/17,2892.157,-0.008713
300,2011/6/20,2874.896,-0.005968
300,2011/6/21,2909.073,0.011888
300,2011/6/22,2908.582,-0.000169
300,2011/6/23,2957.629,0.016863
300,2011/6/24,3027.47,0.023614
300,2011/6/27,3036.491,0.00298
300,2011/6/28,3041.734,0.001727
300,2011/6/29,3000.169,-0.013665
300,2011/6/30,3044.089,0.014639
300,2011/7/1,3049.745,0.001858
300,2011/7/4,3121.98,0.023686
300,2011/7/5,3122.5,0.000167
300,2011/7/6,3113.712,-0.002814
300,2011/7/7,3101.68,-0.003864
300,2011/7/8,3109.183,0.002419
300,2011/7/11,3113.206,0.001294
300,2011/7/12,3056.905,-0.018085
300,2011/7/13,3106.247,0.016141
300,2011/7/14,3115.745,0.003058
300,2011/7/15,3128.889,0.004219
300,2011/7/18,3122.6,-0.00201
300,2011/7/19,3095.125,-0.008799
300,2011/7/20,3091.567,-0.00115
300,2011/7/21,3059.139,-0.010489
300,2011/7/22,3067.985,0.002892
300,2011/7/25,2968.289,-0.032496
300,2011/7/26,2977.766,0.003193
300,2011/7/27,3000.052,0.007484
300,2011/7/28,2981.002,-0.00635
300,2011/7/29,2972.079,-0.002993
300,2011/8/1,2977.721,0.001898
300,2011/8/2,2956.383,-0.007166
300,2011/8/3,2954.87,-0.000512
300,2011/8/4,2960.309,0.001841
300,2011/8/5,2897.417,-0.021245
300,2011/8/8,2793.897,-0.035728
300,2011/8/9,2798.19,0.001537
300,2011/8/10,2824.12,0.009267
300,2011/8/11,2866.924,0.015157
300,2011/8/12,2875.365,0.002944
300,2011/8/15,2917.883,0.014787
300,2011/8/16,2897.581,-0.006958
300,2011/8/17,2886.013,-0.003992
300,2011/8/18,2834.254,-0.017934
300,2011/8/19,2807.664,-0.009382
300,2011/8/22,2777.787,-0.010641
300,2011/8/23,2821.003,0.015558
300,2011/8/24,2810.016,-0.003895
300,2011/8/25,2903.837,0.033388
300,2011/8/26,2901.216,-0.000903
300,2011/8/29,2852.809,-0.016685
300,2011/8/30,2841.74,-0.00388
300,2011/8/31,2846.776,0.001772
300,2011/9/1,2834.535,-0.0043
300,2011/9/2,2803.854,-0.010824
300,2011/9/5,2743.817,-0.021412
300,2011/9/6,2723.303,-0.007476
300,2011/9/7,2779.09,0.020485
300,2011/9/8,2756.105,-0.008271
300,2011/9/9,2751.095,-0.001818
300,2011/9/13,2720.283,-0.0112
300,2011/9/14,2733.108,0.004715
300,2011/9/15,2729.051,-0.001484
300,2011/9/16,2733.987,0.001809
300,2011/9/19,2679.27,-0.020014
300,2011/9/20,2689.845,0.003947
300,2011/9/21,2771.011,0.030175
300,2011/9/22,2685.688,-0.030791
300,2011/9/23,2669.478,-0.006036
300,2011/9/26,2610.919,-0.021936
300,2011/9/27,2637.879,0.010326
300,2011/9/28,2610.59,-0.010345
300,2011/9/29,2588.185,-0.008582
300,2011/9/30,2581.351,-0.00264
300,2011/10/10,2557.082,-0.009402
300,2011/10/11,2551.994,-0.00199
300,2011/10/12,2644.758,0.03635
300,2011/10/13,2662.601,0.006747
300,2011/10/14,2653.782,-0.003312
300,2011/10/17,2666.951,0.004962
300,2011/10/18,2592.209,-0.028025
300,2011/10/19,2583.081,-0.003521
300,2011/10/20,2520.532,-0.024215
300,2011/10/21,2507.877,-0.005021
300,2011/10/24,2576.669,0.02743
300,2011/10/25,2625.425,0.018922
300,2011/10/26,2651.652,0.00999
300,2011/10/27,2657.478,0.002197
300,2011/10/28,2709.017,0.019394
300,2011/10/31,2695.307,-0.005061
300,2011/11/1,2697.534,0.000826
300,2011/11/2,2742.39,0.016629
300,2011/11/3,2744.301,0.000697
300,2011/11/4,2763.746,0.007086
300,2011/11/7,2736.248,-0.00995
300,2011/11/8,2727.71,-0.00312
300,2011/11/9,2751.654,0.008778
300,2011/11/10,2699.588,-0.018922
300,2011/11/11,2695.002,-0.001699
300,2011/11/14,2750.195,0.02048
300,2011/11/15,2744.68,-0.002005
300,2011/11/16,2670.116,-0.027167
300,2011/11/17,2662.017,-0.003033
300,2011/11/18,2606.495,-0.020857
300,2011/11/21,2609.687,0.001225
300,2011/11/22,2609.475,-0.000081
300,2011/11/23,2584.011,-0.009758
300,2011/11/24,2588.915,0.001898
300,2011/11/25,2569.973,-0.007317
300,2011/11/28,2573.321,0.001303
300,2011/11/29,2608.569,0.013697
300,2011/11/30,2521.52,-0.03337
300,2011/12/1,2583.613,0.024625
300,2011/12/2,2557.311,-0.01018
300,2011/12/5,2521.385,-0.014048
300,2011/12/6,2516.341,-0.002
300,2011/12/7,2528.228,0.004724
300,2011/12/8,2525.001,-0.001276
300,2011/12/9,2503.461,-0.008531
300,2011/12/12,2477.692,-0.010293
300,2011/12/13,2421.928,-0.022506
300,2011/12/14,2397.48,-0.010094
300,2011/12/15,2340.788,-0.023646
300,2011/12/16,2390.129,0.021079
300,2011/12/19,2384.408,-0.002394
300,2011/12/20,2377.073,-0.003076
300,2011/12/21,2339.108,-0.015971
300,2011/12/22,2341.335,0.000952
300,2011/12/23,2359.159,0.007613
300,2011/12/26,2335.702,-0.009943
300,2011/12/27,2305.035,-0.01313
300,2011/12/28,2307.928,0.001255
300,2011/12/29,2311.361,0.001487
300,2011/12/30,2345.742,0.014875
300,2012/1/4,2298.753,-0.020032
300,2012/1/5,2276.385,-0.00973
300,2012/1/6,2290.601,0.006245
300,2012/1/9,2368.57,0.034039
300,2012/1/10,2447.349,0.03326
300,2012/1/11,2435.608,-0.004797
300,2012/1/12,2435.219,-0.00016
300,2012/1/13,2394.334,-0.016789
300,2012/1/16,2345.649,-0.020333
300,2012/1/17,2460.601,0.049006
300,2012/1/18,2422.189,-0.015611
300,2012/1/19,2468.35,0.019058
300,2012/1/20,2504.086,0.014478
300,2012/1/30,2460.72,-0.017318
300,2012/1/31,2464.26,0.001439
300,2012/2/1,2428.994,-0.014311
300,2012/2/2,2486.238,0.023567
300,2012/2/3,2506.09,0.007985
300,2012/2/6,2504.322,-0.000705
300,2012/2/7,2457.954,-0.018515
300,2012/2/8,2528.236,0.028594
300,2012/2/9,2529.231,0.000394
300,2012/2/10,2533.624,0.001737
300,2012/2/13,2531.981,-0.000648
300,2012/2/14,2522.107,-0.0039
300,2012/2/15,2549.607,0.010904
300,2012/2/16,2536.074,-0.005308
300,2012/2/17,2537.086,0.000399
300,2012/2/20,2540.706,0.001427
300,2012/2/21,2562.453,0.008559
300,2012/2/22,2597.476,0.013668
300,2012/2/23,2606.256,0.00338
300,2012/2/24,2648.017,0.016023
300,2012/2/27,2656.573,0.003231
300,2012/2/28,2662.463,0.002217
300,2012/2/29,2634.143,-0.010637
300,2012/3/1,2633.345,-0.000303
300,2012/3/2,2679.934,0.017692
300,2012/3/5,2662.698,-0.006432
300,2012/3/6,2621.052,-0.015641
300,2012/3/7,2603.005,-0.006885
300,2012/3/8,2635.791,0.012595
300,2012/3/9,2664.302,0.010817
300,2012/3/12,2654.402,-0.003716
300,2012/3/13,2681.073,0.010048
300,2012/3/14,2605.106,-0.028335
300,2012/3/15,2585.546,-0.007508
300,2012/3/16,2623.52,0.014687
300,2012/3/19,2630.013,0.002475
300,2012/3/20,2584.445,-0.017326
300,2012/3/21,2587.793,0.001295
300,2012/3/22,2583.747,-0.001563
300,2012/3/23,2552.94,-0.011923
300,2012/3/26,2555.442,0.00098
300,2012/3/27,2547.143,-0.003248
300,2012/3/28,2474.9,-0.028362
300,2012/3/29,2443.122,-0.01284
300,2012/3/30,2454.899,0.00482
300,2012/4/5,2512.832,0.023599
300,2012/4/6,2519.83,0.002785
300,2012/4/9,2495.146,-0.009796
300,2012/4/10,2519.788,0.009876
300,2012/4/11,2520.036,0.000098
300,2012/4/12,2570.436,0.02
300,2012/4/13,2580.454,0.003897
300,2012/4/16,2574.044,-0.002484
300,2012/4/17,2541.883,-0.012494
300,2012/4/18,2599.908,0.022828
300,2012/4/19,2596.056,-0.001482
300,2012/4/20,2626.839,0.011858
300,2012/4/23,2606.038,-0.007919
300,2012/4/24,2604.866,-0.00045
300,2012/4/25,2625.99,0.008109
300,2012/4/26,2631.487,0.002093
300,2012/4/27,2626.157,-0.002025
300,2012/5/2,2683.487,0.02183
300,2012/5/3,2691.518,0.002993
300,2012/5/4,2715.879,0.009051
300,2012/5/7,2717.778,0.000699
300,2012/5/8,2709.116,-0.003187
300,2012/5/9,2657.514,-0.019048
300,2012/5/10,2657.214,-0.000113
300,2012/5/11,2636.917,-0.007638
300,2012/5/14,2615.534,-0.008109
300,2012/5/15,2617.374,0.000703
300,2012/5/16,2574.647,-0.016324
300,2012/5/17,2613.942,0.015262
300,2012/5/18,2573.976,-0.01529
300,2012/5/21,2587.231,0.00515
300,2012/5/22,2627.525,0.015574
300,2012/5/23,2616.869,-0.004056
300,2012/5/24,2595.26,-0.008258
300,2012/5/25,2573.103,-0.008537
300,2012/5/28,2614.689,0.016162
300,2012/5/29,2650.854,0.013831
300,2012/5/30,2642.258,-0.003243
300,2012/5/31,2632.042,-0.003866
300,2012/6/1,2632.998,0.000363
300,2012/6/4,2559.026,-0.028094
300,2012/6/5,2558.842,-0.000072
300,2012/6/6,2557.401,-0.000563
300,2012/6/7,2542.184,-0.00595
300,2012/6/8,2524.329,-0.007023
300,2012/6/11,2558.265,0.013444
300,2012/6/12,2540.178,-0.00707
300,2012/6/13,2580.636,0.015927
300,2012/6/14,2560.421,-0.007833
300,2012/6/15,2568.054,0.002981
300,2012/6/18,2581.212,0.005124
300,2012/6/19,2558.621,-0.008752
300,2012/6/20,2552.611,-0.002349
300,2012/6/21,2512.185,-0.015837
300,2012/6/25,2456.518,-0.022159
300,2012/6/26,2454.915,-0.000653
300,2012/6/27,2447.195,-0.003145
300,2012/6/28,2425.729,-0.008772
300,2012/6/29,2461.612,0.014793
300,2012/7/2,2465.238,0.001473
300,2012/7/3,2468.721,0.001413
300,2012/7/4,2464.919,-0.00154
300,2012/7/5,2430.37,-0.014016
300,2012/7/6,2472.614,0.017382
300,2012/7/9,2416.036,-0.022882
300,2012/7/10,2406.706,-0.003862
300,2012/7/11,2425.572,0.007839
300,2012/7/12,2449.181,0.009733
300,2012/7/13,2450.633,0.000593
300,2012/7/16,2399.731,-0.020771
300,2012/7/17,2414.201,0.00603
300,2012/7/18,2414.335,0.000056
300,2012/7/19,2424.322,0.004137
300,2012/7/20,2398.455,-0.01067
300,2012/7/23,2365.431,-0.013769
300,2012/7/24,2375.992,0.004465
300,2012/7/25,2360.083,-0.006696
300,2012/7/26,2347.488,-0.005337
300,2012/7/27,2349.108,0.00069
300,2012/7/30,2335.793,-0.005668
300,2012/7/31,2332.922,-0.001229
300,2012/8/1,2358.651,0.011029
300,2012/8/2,2334.882,-0.010077
300,2012/8/3,2353.737,0.008075
300,2012/8/6,2385.611,0.013542
300,2012/8/7,2388.873,0.001367
300,2012/8/8,2389.795,0.000386
300,2012/8/9,2411.7,0.009166
300,2012/8/10,2399.751,-0.004955
300,2012/8/13,2351.931,-0.019927
300,2012/8/14,2357.016,0.002162
300,2012/8/15,2331.615,-0.010777
300,2012/8/16,2319.67,-0.005123
300,2012/8/17,2313.476,-0.00267
300,2012/8/20,2301.788,-0.005052
300,2012/8/21,2313.703,0.005176
300,2012/8/22,2295.586,-0.00783
300,2012/8/23,2302.199,0.002881
300,2012/8/24,2275.677,-0.01152
300,2012/8/27,2228.204,-0.020861
300,2012/8/28,2238.411,0.004581
300,2012/8/29,2214.814,-0.010542
300,2012/8/30,2211.37,-0.001555
300,2012/8/31,2204.868,-0.00294
300,2012/9/3,2228.369,0.010659
300,2012/9/4,2204.407,-0.010753
300,2012/9/5,2199.875,-0.002056
300,2012/9/6,2217.823,0.008159
300,2012/9/7,2317.179,0.044799
300,2012/9/10,2326.666,0.004094
300,2012/9/11,2311.89,-0.006351
300,2012/9/12,2320.071,0.003539
300,2012/9/13,2298.461,-0.009314
300,2012/9/14,2315.542,0.007431
300,2012/9/17,2258.705,-0.024546
300,2012/9/18,2235.239,-0.010389
300,2012/9/19,2246.236,0.00492
300,2012/9/20,2195.951,-0.022386
300,2012/9/21,2199.063,0.001417
300,2012/9/24,2215.516,0.007482
300,2012/9/25,2210.154,-0.00242
300,2012/9/26,2184.891,-0.01143
300,2012/9/27,2251.717,0.030586
300,2012/9/28,2293.106,0.018381
300,2012/10/8,2270.054,-0.010053
300,2012/10/9,2320.157,0.022071
300,2012/10/10,2324.117,0.001707
300,2012/10/11,2302.533,-0.009287
300,2012/10/12,2304.531,0.000868
300,2012/10/15,2294.857,-0.004198
300,2012/10/16,2298.162,0.00144
300,2012/10/17,2300.803,0.001149
300,2012/10/18,2336.077,0.015331
300,2012/10/19,2332.47,-0.001544
300,2012/10/22,2341.592,0.003911
300,2012/10/23,2312.077,-0.012605
300,2012/10/24,2307.779,-0.001859
300,2012/10/25,2291.239,-0.007167
300,2012/10/26,2247.907,-0.018912
300,2012/10/29,2235.854,-0.005362
300,2012/10/30,2239.882,0.001802
300,2012/10/31,2254.82,0.006669
300,2012/11/1,2297.884,0.019099
300,2012/11/2,2306.774,0.003869
300,2012/11/5,2301.88,-0.002122
300,2012/11/6,2292.206,-0.004203
300,2012/11/7,2287.505,-0.002051
300,2012/11/8,2245.405,-0.018404
300,2012/11/9,2240.924,-0.001996
300,2012/11/12,2251.848,0.004875
300,2012/11/13,2212.44,-0.0175
300,2012/11/14,2223.11,0.004823
300,2012/11/15,2193.623,-0.013264
300,2012/11/16,2177.24,-0.007468
300,2012/11/19,2174.985,-0.001036
300,2012/11/20,2164.881,-0.004646
300,2012/11/21,2194.896,0.013865
300,2012/11/22,2177.546,-0.007905
300,2012/11/23,2192.676,0.006948
300,2012/11/26,2175.599,-0.007788
300,2012/11/27,2150.638,-0.011473
300,2012/11/28,2129.161,-0.009986
300,2012/11/29,2115.676,-0.006333
300,2012/11/30,2139.661,0.011337
300,2012/12/3,2108.85,-0.0144
300,2012/12/4,2131.473,0.010728
300,2012/12/5,2207.878,0.035846
300,2012/12/6,2203.602,-0.001937
300,2012/12/7,2246.757,0.019584
300,2012/12/10,2271.046,0.010811
300,2012/12/11,2258.5,-0.005524
300,2012/12/12,2267.767,0.004103
300,2012/12/13,2242.635,-0.011082
300,2012/12/14,2355.865,0.05049
300,2012/12/17,2366.7,0.004599
300,2012/12/18,2368.12,0.0006
300,2012/12/19,2371.109,0.001262
300,2012/12/20,2384.816,0.005781
300,2012/12/21,2372.002,-0.005373
300,2012/12/24,2381.217,0.003885
300,2012/12/25,2448.395,0.028212
300,2012/12/26,2457.619,0.003767
300,2012/12/27,2444.594,-0.0053
300,2012/12/28,2480.049,0.014503
300,2012/12/31,2522.952,0.017299
300,2013/1/4,2524.409,0.000577
300,2013/1/7,2535.985,0.004586
300,2013/1/8,2525.33,-0.004202
300,2013/1/9,2526.126,0.000315
300,2013/1/10,2530.569,0.001759
300,2013/1/11,2483.23,-0.018707
300,2013/1/14,2577.725,0.038053
300,2013/1/15,2595.856,0.007034
300,2013/1/16,2577.092,-0.007228
300,2013/1/17,2552.758,-0.009442
300,2013/1/18,2595.439,0.01672
300,2013/1/21,2610.898,0.005956
300,2013/1/22,2596.898,-0.005362
300,2013/1/23,2607.456,0.004066
300,2013/1/24,2582.755,-0.009473
300,2013/1/25,2571.674,-0.00429
300,2013/1/28,2651.863,0.031182
300,2013/1/29,2675.866,0.009051
300,2013/1/30,2688.711,0.0048
300,2013/1/31,2686.882,-0.00068
300,2013/2/1,2743.324,0.021007
300,2013/2/4,2748.028,0.001715
300,2013/2/5,2771.675,0.008605
300,2013/2/6,2775.844,0.001504
300,2013/2/7,2759.87,-0.005755
300,2013/2/8,2771.725,0.004295
300,2013/2/18,2737.471,-0.012358
300,2013/2/19,2685.606,-0.018946
300,2013/2/20,2702.635,0.006341
300,2013/2/21,2610.549,-0.034073
300,2013/2/22,2596.604,-0.005342
300,2013/2/25,2604.96,0.003218
300,2013/2/26,2567.595,-0.014344
300,2013/2/27,2594.677,0.010548
300,2013/2/28,2673.327,0.030312
300,2013/3/1,2668.836,-0.00168
300,2013/3/4,2545.715,-0.046133
300,2013/3/5,2622.807,0.030283
300,2013/3/6,2650.202,0.010445
300,2013/3/7,2619.479,-0.011593
300,2013/3/8,2606.927,-0.004792
300,2013/3/11,2592.372,-0.005583
300,2013/3/12,2555.615,-0.014179
300,2013/3/13,2527.486,-0.011007
300,2013/3/14,2534.273,0.002685
300,2013/3/15,2539.873,0.00221
300,2013/3/18,2502.493,-0.014717
300,2013/3/19,2525.097,0.009033
300,2013/3/20,2610.174,0.033693
300,2013/3/21,2614.988,0.001844
300,2013/3/22,2618.308,0.00127
300,2013/3/25,2613.097,-0.00199
300,2013/3/26,2575.05,-0.01456
300,2013/3/27,2583.53,0.003293
300,2013/3/28,2499.302,-0.032602
300,2013/3/29,2495.083,-0.001688
300,2013/4/1,2493.187,-0.00076
300,2013/4/2,2486.391,-0.002726
300,2013/4/3,2483.547,-0.001144
300,2013/4/8,2472.299,-0.004529
300,2013/4/9,2489.43,0.006929
300,2013/4/10,2485.309,-0.001655
300,2013/4/11,2477.876,-0.002991
300,2013/4/12,2462.112,-0.006362
300,2013/4/15,2436.818,-0.010273
300,2013/4/16,2459.592,0.009346
300,2013/4/17,2458.473,-0.000455
300,2013/4/18,2464.851,0.002594
300,2013/4/19,2533.827,0.027984
300,2013/4/22,2530.67,-0.001246
300,2013/4/23,2449.471,-0.032086
300,2013/4/24,2495.579,0.018824
300,2013/4/25,2467.875,-0.011101
300,2013/4/26,2447.306,-0.008335
300,2013/5/2,2449.639,0.000953
300,2013/5/3,2492.912,0.017665
300,2013/5/6,2525.983,0.013266
300,2013/5/7,2529.938,0.001566
300,2013/5/8,2542.798,0.005083
300,2013/5/9,2527.794,-0.005901
300,2013/5/10,2540.836,0.005159
300,2013/5/13,2530.768,-0.003962
300,2013/5/14,2493.338,-0.01479
300,2013/5/15,2506.925,0.005449
300,2013/5/16,2552.709,0.018263
300,2013/5/17,2592.048,0.015411
300,2013/5/20,2609.607,0.006774
300,2013/5/21,2614.853,0.00201
300,2013/5/22,2618.034,0.001217
300,2013/5/23,2582.849,-0.013439
300,2013/5/24,2597.228,0.005567
300,2013/5/27,2599.587,0.000908
300,2013/5/28,2644.359,0.017223
300,2013/5/29,2642.561,-0.00068
300,2013/5/30,2634.323,-0.003117
300,2013/5/31,2606.426,-0.01059
300,2013/6/3,2602.623,-0.001459
300,2013/6/4,2565.666,-0.0142
300,2013/6/5,2560.539,-0.001998
300,2013/6/6,2527.845,-0.012768
300,2013/6/7,2484.16,-0.017282
300,2013/6/13,2399.937,-0.033904
300,2013/6/14,2416.771,0.007014
300,2013/6/17,2403.839,-0.005351
300,2013/6/18,2418.745,0.006201
300,2013/6/19,2400.765,-0.007434
300,2013/6/20,2321.466,-0.033031
300,2013/6/21,2317.394,-0.001754
300,2013/6/24,2171.21,-0.063081
300,2013/6/25,2165.421,-0.002666
300,2013/6/26,2168.297,0.001328
300,2013/6/27,2160.735,-0.003488
300,2013/6/28,2200.639,0.018468
300,2013/7/1,2213.317,0.005761
300,2013/7/2,2221.984,0.003916
300,2013/7/3,2203.828,-0.008171
300,2013/7/4,2221.979,0.008236
300,2013/7/5,2226.849,0.002192
300,2013/7/8,2163.619,-0.028394
300,2013/7/9,2162.669,-0.000439
300,2013/7/10,2224.065,0.028389
300,2013/7/11,2326.688,0.046142
300,2013/7/12,2275.373,-0.022055
300,2013/7/15,2307.297,0.01403
300,2013/7/16,2317.848,0.004573
300,2013/7/17,2282.836,-0.015105
300,2013/7/18,2245.328,-0.01643
300,2013/7/19,2190.478,-0.024429
300,2013/7/22,2202.189,0.005346
300,2013/7/23,2265.845,0.028906
300,2013/7/24,2249.151,-0.007368
300,2013/7/25,2237.683,-0.005099
300,2013/7/26,2224.008,-0.006111
300,2013/7/29,2175.97,-0.0216
300,2013/7/30,2189.388,0.006166
300,2013/7/31,2193.021,0.001659
300,2013/8/1,2245.364,0.023868
300,2013/8/2,2247.263,0.000846
300,2013/8/5,2278.329,0.013824
300,2013/8/6,2293.641,0.006721
300,2013/8/7,2280.623,-0.005676
300,2013/8/8,2276.782,-0.001684
300,2013/8/9,2286.01,0.004053
300,2013/8/12,2352.794,0.029214
300,2013/8/13,2359.068,0.002667
300,2013/8/14,2349.08,-0.004234
300,2013/8/15,2321.576,-0.011708
300,2013/8/16,2304.144,-0.007509
300,2013/8/19,2331.43,0.011842
300,2013/8/20,2312.465,-0.008134
300,2013/8/21,2308.589,-0.001676
300,2013/8/22,2303.932,-0.002017
300,2013/8/23,2286.929,-0.00738
300,2013/8/26,2335.616,0.021289
300,2013/8/27,2340.881,0.002254
300,2013/8/28,2328.056,-0.005479
300,2013/8/29,2318.311,-0.004186
300,2013/8/30,2313.91,-0.001898
300,2013/9/2,2320.344,0.002781
300,2013/9/3,2354.502,0.014721
300,2013/9/4,2350.699,-0.001615
300,2013/9/5,2341.735,-0.003813
300,2013/9/6,2357.782,0.006853
300,2013/9/9,2440.609,0.035129
300,2013/9/10,2474.894,0.014048
300,2013/9/11,2482.889,0.00323
300,2013/9/12,2507.455,0.009894
300,2013/9/13,2488.902,-0.007399
300,2013/9/16,2478.39,-0.004224
300,2013/9/17,2427.322,-0.020605
300,2013/9/18,2432.51,0.002137
300,2013/9/23,2472.288,0.016353
300,2013/9/24,2443.885,-0.011489
300,2013/9/25,2429.03,-0.006078
300,2013/9/26,2384.443,-0.018356
300,2013/9/27,2394.971,0.004415
300,2013/9/30,2409.037,0.005873
300,2013/10/8,2441.811,0.013605
300,2013/10/9,2453.583,0.004821
300,2013/10/10,2429.317,-0.00989
300,2013/10/11,2468.508,0.016133
300,2013/10/14,2472.542,0.001634
300,2013/10/15,2467.517,-0.002032
300,2013/10/16,2421.371,-0.018701
300,2013/10/17,2413.33,-0.003321
300,2013/10/18,2426.054,0.005272
300,2013/10/21,2471.322,0.018659
300,2013/10/22,2445.891,-0.01029
300,2013/10/23,2418.491,-0.011202
300,2013/10/24,2400.511,-0.007434
300,2013/10/25,2368.559,-0.01331
300,2013/10/28,2365.954,-0.0011
300,2013/10/29,2372.053,0.002578
300,2013/10/30,2407.471,0.014931
300,2013/10/31,2373.718,-0.01402
300,2013/11/1,2384.96,0.004736
300,2013/11/4,2380.454,-0.001889
300,2013/11/5,2383.769,0.001393
300,2013/11/6,2353.568,-0.012669
300,2013/11/7,2340.552,-0.00553
300,2013/11/8,2307.945,-0.013931
300,2013/11/11,2315.889,0.003442
300,2013/11/12,2340,0.010411
300,2013/11/13,2288.116,-0.022173
300,2013/11/14,2304.501,0.007161
300,2013/11/15,2350.734,0.020062
300,2013/11/18,2428.903,0.033253
300,2013/11/19,2412.163,-0.006892
300,2013/11/20,2424.85,0.00526
300,2013/11/21,2409.989,-0.006129
300,2013/11/22,2397.962,-0.00499
300,2013/11/25,2388.629,-0.003892
300,2013/11/26,2387.416,-0.000508
300,2013/11/27,2414.481,0.011337
300,2013/11/28,2439.53,0.010374
300,2013/11/29,2438.944,-0.00024
300,2013/12/2,2418.788,-0.008264
300,2013/12/3,2442.784,0.009921
300,2013/12/4,2475.135,0.013243
300,2013/12/5,2468.197,-0.002803
300,2013/12/6,2452.287,-0.006446
300,2013/12/9,2450.872,-0.000577
300,2013/12/10,2453.322,0.001
300,2013/12/11,2412.763,-0.016532
300,2013/12/12,2410.015,-0.001139
300,2013/12/13,2406.639,-0.001401
300,2013/12/16,2367.923,-0.016087
300,2013/12/17,2356.376,-0.004876
300,2013/12/18,2357.226,0.000361
300,2013/12/19,2332.41,-0.010528
300,2013/12/20,2278.136,-0.023269
300,2013/12/23,2284.602,0.002838
300,2013/12/24,2288.248,0.001596
300,2013/12/25,2305.11,0.007369
300,2013/12/26,2265.334,-0.017256
300,2013/12/27,2303.478,0.016838
300,2013/12/30,2299.458,-0.001745
300,2013/12/31,2330.026,0.013294
300,2014/1/2,2321.978,-0.003454
300,2014/1/3,2290.779,-0.013436
300,2014/1/6,2238.637,-0.022762
300,2014/1/7,2238.001,-0.000284
300,2014/1/8,2241.911,0.001747
300,2014/1/9,2222.221,-0.008783
300,2014/1/10,2204.851,-0.007817
300,2014/1/13,2193.679,-0.005067
300,2014/1/14,2212.846,0.008737
300,2014/1/15,2208.941,-0.001765
300,2014/1/16,2211.844,0.001314
300,2014/1/17,2178.488,-0.015081
300,2014/1/20,2165.993,-0.005736
300,2014/1/21,2187.41,0.009888
300,2014/1/22,2243.796,0.025778
300,2014/1/23,2231.889,-0.005307
300,2014/1/24,2245.678,0.006178
300,2014/1/27,2215.919,-0.013252
300,2014/1/28,2219.855,0.001776
300,2014/1/29,2227.781,0.003571
300,2014/1/30,2202.45,-0.011371
300,2014/2/7,2212.483,0.004555
300,2014/2/10,2267.534,0.024882
300,2014/2/11,2285.562,0.00795
300,2014/2/12,2291.246,0.002487
300,2014/2/13,2279.554,-0.005103
300,2014/2/14,2295.575,0.007028
300,2014/2/17,2311.647,0.007001
300,2014/2/18,2282.442,-0.012634
300,2014/2/19,2308.656,0.011485
300,2014/2/20,2287.436,-0.009191
300,2014/2/21,2264.294,-0.010117
300,2014/2/24,2214.509,-0.021987
300,2014/2/25,2157.909,-0.025559
300,2014/2/26,2163.405,0.002547
300,2014/2/27,2154.108,-0.004297
300,2014/2/28,2178.971,0.011542
300,2014/3/3,2190.37,0.005231
300,2014/3/4,2184.273,-0.002784
300,2014/3/5,2163.976,-0.009292
300,2014/3/6,2173.634,0.004463
300,2014/3/7,2168.358,-0.002427
300,2014/3/10,2097.787,-0.032546
300,2014/3/11,2108.661,0.005184
300,2014/3/12,2114.134,0.002595
300,2014/3/13,2140.333,0.012392
300,2014/3/14,2122.836,-0.008175
300,2014/3/17,2143.038,0.009517
300,2014/3/18,2138.133,-0.002289
300,2014/3/19,2120.87,-0.008074
300,2014/3/20,2086.967,-0.015985
300,2014/3/21,2158.798,0.034419
300,2014/3/24,2176.554,0.008225
300,2014/3/25,2174.44,-0.000971
300,2014/3/26,2171.047,-0.00156
300,2014/3/27,2155.707,-0.007066
300,2014/3/28,2151.965,-0.001736
300,2014/3/31,2146.305,-0.00263
300,2014/4/1,2163.115,0.007832
300,2014/4/2,2180.727,0.008142
300,2014/4/3,2165.008,-0.007208
300,2014/4/4,2185.472,0.009452
300,2014/4/8,2237.316,0.023722
300,2014/4/9,2238.62,0.000583
300,2014/4/10,2273.761,0.015698
300,2014/4/11,2270.666,-0.001361
300,2014/4/14,2268.613,-0.000904
300,2014/4/15,2229.463,-0.017257
300,2014/4/16,2232.526,0.001374
300,2014/4/17,2224.803,-0.003459
300,2014/4/18,2224.479,-0.000146
300,2014/4/21,2187.248,-0.016737
300,2014/4/22,2196.795,0.004365
300,2014/4/23,2194.668,-0.000968
300,2014/4/24,2190.474,-0.001911
300,2014/4/25,2167.826,-0.010339
300,2014/4/28,2134.969,-0.015157
300,2014/4/29,2158.47,0.011008
300,2014/4/30,2158.659,0.000088
300,2014/5/5,2156.47,-0.001014
300,2014/5/6,2157.328,0.000398
300,2014/5/7,2137.316,-0.009276
300,2014/5/8,2135.496,-0.000852
300,2014/5/9,2133.911,-0.000742
300,2014/5/12,2180.054,0.021624
300,2014/5/13,2174.852,-0.002386
300,2014/5/14,2172.372,-0.00114
300,2014/5/15,2144.084,-0.013022
300,2014/5/16,2145.952,0.000871
300,2014/5/19,2115.143,-0.014357
300,2014/5/20,2115.771,0.000297
300,2014/5/21,2135.905,0.009516
300,2014/5/22,2130.868,-0.002358
300,2014/5/23,2148.414,0.008234
300,2014/5/26,2155.976,0.00352
300,2014/5/27,2147.28,-0.004033
300,2014/5/28,2169.352,0.010279
300,2014/5/29,2155.164,-0.00654
300,2014/5/30,2156.464,0.000603
300,2014/6/3,2149.918,-0.003036
300,2014/6/4,2128.274,-0.010067
300,2014/6/5,2150.602,0.010491
300,2014/6/6,2134.716,-0.007387
300,2014/6/9,2134.281,-0.000204
300,2014/6/10,2161.268,0.012645
300,2014/6/11,2160.766,-0.000232
300,2014/6/12,2153.41,-0.003404
300,2014/6/13,2176.242,0.010603
300,2014/6/16,2191.855,0.007174
300,2014/6/17,2169.674,-0.01012
300,2014/6/18,2160.239,-0.004349
300,2014/6/19,2126.907,-0.01543
300,2014/6/20,2136.729,0.004618
300,2014/6/23,2134.11,-0.001226
300,2014/6/24,2144.821,0.005019
300,2014/6/25,2133.371,-0.005338
300,2014/6/26,2149.076,0.007362
300,2014/6/27,2150.258,0.00055
300,2014/6/30,2165.118,0.006911
300,2014/7/1,2164.559,-0.000258
300,2014/7/2,2170.867,0.002914
300,2014/7/3,2180.192,0.004296
300,2014/7/4,2178.695,-0.000687
300,2014/7/7,2176.289,-0.001104
300,2014/7/8,2180.473,0.001923
300,2014/7/9,2148.71,-0.014567
300,2014/7/10,2142.847,-0.002729
300,2014/7/11,2148.009,0.002409
300,2014/7/14,2171.758,0.011056
300,2014/7/15,2174.976,0.001482
300,2014/7/16,2170.868,-0.001889
300,2014/7/17,2157.068,-0.006357
300,2014/7/18,2164.144,0.00328
300,2014/7/21,2166.295,0.000994
300,2014/7/22,2192.698,0.012188
300,2014/7/23,2197.833,0.002342
300,2014/7/24,2237.015,0.017828
300,2014/7/25,2260.454,0.010478
300,2014/7/28,2323.897,0.028066
300,2014/7/29,2331.369,0.003215
300,2014/7/30,2322.011,-0.004014
300,2014/7/31,2350.251,0.012162
300,2014/8/1,2329.402,-0.008871
300,2014/8/4,2375.62,0.019841
300,2014/8/5,2369.353,-0.002638
300,2014/8/6,2363.221,-0.002588
300,2014/8/7,2327.457,-0.015134
300,2014/8/8,2331.134,0.00158
300,2014/8/11,2365.349,0.014677
300,2014/8/12,2357.052,-0.003508
300,2014/8/13,2358.901,0.000784
300,2014/8/14,2335.945,-0.009732
300,2014/8/15,2360.635,0.01057
300,2014/8/18,2374.562,0.0059
300,2014/8/19,2374.768,0.000087
300,2014/8/20,2366.14,-0.003633
300,2014/8/21,2354.244,-0.005028
300,2014/8/22,2365.364,0.004723
300,2014/8/25,2342.863,-0.009513
300,2014/8/26,2324.092,-0.008012
300,2014/8/27,2327.595,0.001507
300,2014/8/28,2311.278,-0.00701
300,2014/8/29,2338.287,0.011686
300,2014/9/1,2355.317,0.007283
300,2014/9/2,2386.46,0.013222
300,2014/9/3,2408.838,0.009377
300,2014/9/4,2426.224,0.007218
300,2014/9/5,2449.259,0.009494
300,2014/9/9,2445.224,-0.001647
300,2014/9/10,2432.433,-0.005231
300,2014/9/11,2423.454,-0.003691
300,2014/9/12,2438.358,0.00615
300,2014/9/15,2437.189,-0.000479
300,2014/9/16,2388.765,-0.019869
300,2014/9/17,2401.326,0.005258
300,2014/9/18,2408.664,0.003056
300,2014/9/19,2425.211,0.00687
300,2014/9/22,2378.92,-0.019087
300,2014/9/23,2399.462,0.008635
300,2014/9/24,2441.864,0.017671
300,2014/9/25,2436.965,-0.002006
300,2014/9/26,2437.201,0.000097
300,2014/9/29,2447.799,0.004348
300,2014/9/30,2450.988,0.001303
300,2014/10/8,2478.383,0.011177
300,2014/10/9,2481.955,0.001441
300,2014/10/10,2466.789,-0.006111
300,2014/10/13,2454.946,-0.004801
300,2014/10/14,2446.562,-0.003415
300,2014/10/15,2463.874,0.007076
300,2014/10/16,2444.395,-0.007906
300,2014/10/17,2441.732,-0.001089
300,2014/10/20,2454.711,0.005315
300,2014/10/21,2433.391,-0.008685
300,2014/10/22,2418.641,-0.006062
300,2014/10/23,2395.936,-0.009388
300,2014/10/24,2390.706,-0.002183
300,2014/10/27,2368.832,-0.00915
300,2014/10/28,2416.653,0.020188
300,2014/10/29,2451.384,0.014372
300,2014/10/30,2468.925,0.007156
300,2014/10/31,2508.325,0.015958
300,2014/11/3,2512.548,0.001684
300,2014/11/4,2513.172,0.000248
300,2014/11/5,2503.448,-0.003869
300,2014/11/6,2506.067,0.001046
300,2014/11/7,2502.153,-0.001562
300,2014/11/10,2565.73,0.025409
300,2014/11/11,2558.612,-0.002774
300,2014/11/12,2594.318,0.013955
300,2014/11/13,2579.75,-0.005615
300,2014/11/14,2581.093,0.000521
300,2014/11/17,2567.101,-0.005421
300,2014/11/18,2541.416,-0.010005
300,2014/11/19,2537.223,-0.00165
300,2014/11/20,2537.099,-0.000049
300,2014/11/21,2583.455,0.018271
300,2014/11/24,2649.258,0.025471
300,2014/11/25,2685.561,0.013703
300,2014/11/26,2723.018,0.013948
300,2014/11/27,2754.49,0.011558
300,2014/11/28,2808.819,0.019724
300,2014/12/1,2819.812,0.003914
300,2014/12/2,2923.94,0.036927
300,2014/12/3,2967.549,0.014914
300,2014/12/4,3104.351,0.046099
300,2014/12/5,3124.885,0.006615
300,2014/12/8,3252.881,0.04096
300,2014/12/9,3106.913,-0.044873
300,2014/12/10,3221.546,0.036896
300,2014/12/11,3183.012,-0.011961
300,2014/12/12,3193.227,0.003209
300,2014/12/15,3217.228,0.007516
300,2014/12/16,3303.402,0.026785
300,2014/12/17,3360.598,0.017314
300,2014/12/18,3345.927,-0.004366
300,2014/12/19,3383.167,0.01113
300,2014/12/22,3394.481,0.003344
300,2014/12/23,3324.924,-0.020491
300,2014/12/24,3230.385,-0.028433
300,2014/12/25,3335.419,0.032514
300,2014/12/26,3445.839,0.033105
300,2014/12/29,3455.455,0.002791
300,2014/12/30,3457.554,0.000607
300,2014/12/31,3533.705,0.022025
300,2015/1/5,3641.541,0.030516
300,2015/1/6,3641.059,-0.000132
300,2015/1/7,3643.79,0.00075
300,2015/1/8,3559.259,-0.023199
300,2015/1/9,3546.723,-0.003522
300,2015/1/12,3513.576,-0.009346
300,2015/1/13,3514.04,0.000132
300,2015/1/14,3502.423,-0.003306
300,2015/1/15,3604.121,0.029036
300,2015/1/16,3635.146,0.008608
300,2015/1/19,3355.155,-0.077023
300,2015/1/20,3396.222,0.01224
300,2015/1/21,3548.885,0.044951
300,2015/1/22,3567.613,0.005277
300,2015/1/23,3571.732,0.001155
300,2015/1/26,3607.985,0.01015
300,2015/1/27,3574.931,-0.009161
300,2015/1/28,3525.323,-0.013877
300,2015/1/29,3481.798,-0.012346
300,2015/1/30,3434.39,-0.013616
300,2015/2/2,3353.96,-0.023419
300,2015/2/3,3437.445,0.024891
300,2015/2/4,3401.768,-0.010379
300,2015/2/5,3366.946,-0.010236
300,2015/2/6,3312.42,-0.016194
300,2015/2/9,3345.921,0.010114
300,2015/2/10,3406.943,0.018238
300,2015/2/11,3434.124,0.007978
300,2015/2/12,3442.874,0.002548
300,2015/2/13,3469.828,0.007829
300,2015/2/16,3499.483,0.008547
300,2015/2/17,3522.322,0.006526
300,2015/2/25,3478.729,-0.012376
300,2015/2/26,3566.295,0.025172
300,2015/2/27,3572.843,0.001836
300,2015/3/2,3601.265,0.007955
300,2015/3/3,3507.9,-0.025926
300,2015/3/4,3530.822,0.006534
300,2015/3/5,3496.344,-0.009765
300,2015/3/6,3478.52,-0.005098
300,2015/3/9,3537.75,0.017027
300,2015/3/10,3520.611,-0.004845
300,2015/3/11,3524.653,0.001148
300,2015/3/12,3592.844,0.019347
300,2015/3/13,3617.657,0.006906
300,2015/3/16,3705.671,0.024329
300,2015/3/17,3757.122,0.013884
300,2015/3/18,3846.055,0.023671
300,2015/3/19,3839.739,-0.001642
300,2015/3/20,3892.574,0.01376
300,2015/3/23,3972.061,0.02042
300,2015/3/24,3973.046,0.000248
300,2015/3/25,3940.412,-0.008214
300,2015/3/26,3949.999,0.002433
300,2015/3/27,3971.697,0.005493
300,2015/3/30,4088.178,0.029328
300,2015/3/31,4051.204,-0.009044
300,2015/4/1,4123.895,0.017943
300,2015/4/2,4124.776,0.000214
300,2015/4/3,4170.538,0.011094
300,2015/4/7,4260.044,0.021461
300,2015/4/8,4295.803,0.008394
300,2015/4/9,4262.138,-0.007837
300,2015/4/10,4344.416,0.019304
300,2015/4/13,4421.073,0.017645
300,2015/4/14,4438.184,0.00387
300,2015/4/15,4380.513,-0.012994
300,2015/4/16,4513.546,0.030369
300,2015/4/17,4596.136,0.018298
300,2015/4/20,4521.919,-0.016148
300,2015/4/21,4619.164,0.021505
300,2015/4/22,4739.814,0.026119
300,2015/4/23,4740.892,0.000227
300,2015/4/24,4702.641,-0.008068
300,2015/4/27,4807.592,0.022317
300,2015/4/28,4741.861,-0.013672
300,2015/4/29,4774.326,0.006846
300,2015/4/30,4749.886,-0.005119
300,2015/5/4,4787.741,0.00797
300,2015/5/5,4596.837,-0.039874
300,2015/5/6,4553.327,-0.009465
300,2015/5/7,4470.089,-0.018281
300,2015/5/8,4558.404,0.019757
300,2015/5/11,4690.532,0.028986
300,2015/5/12,4747.421,0.012128
300,2015/5/13,4718.436,-0.006105
300,2015/5/14,4700.778,-0.003742
300,2015/5/15,4617.47,-0.017722
300,2015/5/18,4575.14,-0.009167
300,2015/5/19,4731.222,0.034115
300,2015/5/20,4754.919,0.005009
300,2015/5/21,4840.976,0.018099
300,2015/5/22,4951.335,0.022797
300,2015/5/25,5099.495,0.029923
300,2015/5/26,5198.918,0.019497
300,2015/5/27,5181.434,-0.003363
300,2015/5/28,4834.007,-0.067052
300,2015/5/29,4840.829,0.001411
300,2015/6/1,5076.179,0.048618
300,2015/6/2,5161.87,0.016881
300,2015/6/3,5143.59,-0.003541
300,2015/6/4,5181.416,0.007354
300,2015/6/5,5230.552,0.009483
300,2015/6/8,5353.751,0.023554
300,2015/6/9,5317.461,-0.006778
300,2015/6/10,5309.112,-0.00157
300,2015/6/11,5306.59,-0.000475
300,2015/6/12,5335.115,0.005375
300,2015/6/15,5221.167,-0.021358
300,2015/6/16,5064.821,-0.029945
300,2015/6/17,5138.831,0.014613
300,2015/6/18,4930.549,-0.040531
300,2015/6/19,4637.052,-0.059526
300,2015/6/23,4786.091,0.032141
300,2015/6/24,4880.126,0.019648
300,2015/6/25,4706.516,-0.035575
300,2015/6/26,4336.195,-0.078683
300,2015/6/29,4191.549,-0.033358
300,2015/6/30,4472.998,0.067147
300,2015/7/1,4253.021,-0.049179
300,2015/7/2,4107.996,-0.034099
300,2015/7/3,3885.917,-0.05406
300,2015/7/6,3998.537,0.028982
300,2015/7/7,3928.003,-0.01764
300,2015/7/8,3663.038,-0.067455
300,2015/7/9,3897.626,0.064042
300,2015/7/10,4106.556,0.053604
300,2015/7/13,4211.812,0.025631
300,2015/7/14,4112.149,-0.023663
300,2015/7/15,3966.759,-0.035356
300,2015/7/16,3997.356,0.007713
300,2015/7/17,4151.496,0.03856
300,2015/7/20,4160.612,0.002196
300,2015/7/21,4166.006,0.001296
300,2015/7/22,4157.16,-0.002123
300,2015/7/23,4250.805,0.022526
300,2015/7/24,4176.279,-0.017532
300,2015/7/27,3818.731,-0.085614
300,2015/7/28,3811.093,-0.002
300,2015/7/29,3930.379,0.0313
300,2015/7/30,3815.412,-0.029251
300,2015/7/31,3816.699,0.000337
300,2015/8/3,3829.235,0.003285
300,2015/8/4,3948.155,0.031056
300,2015/8/5,3866.9,-0.02058
300,2015/8/6,3831.852,-0.009064
300,2015/8/7,3906.945,0.019597
300,2015/8/10,4084.365,0.045411
300,2015/8/11,4066.669,-0.004333
300,2015/8/12,4016.126,-0.012429
300,2015/8/13,4075.463,0.014775
300,2015/8/14,4073.54,-0.000472
300,2015/8/17,4077.872,0.001063
300,2015/8/18,3825.412,-0.06191
300,2015/8/19,3886.136,0.015874
300,2015/8/20,3761.454,-0.032084
300,2015/8/21,3589.536,-0.045705
300,2015/8/24,3275.534,-0.087477
300,2015/8/25,3042.927,-0.071013
300,2015/8/26,3025.692,-0.005664
300,2015/8/27,3205.638,0.059473
300,2015/8/28,3342.286,0.042627
300,2015/8/31,3366.536,0.007256
300,2015/9/1,3362.083,-0.001323
300,2015/9/2,3365.832,0.001115
300,2015/9/7,3250.485,-0.03427
300,2015/9/8,3334.023,0.0257
300,2015/9/9,3399.305,0.019581
300,2015/9/10,3357.561,-0.01228
300,2015/9/11,3347.188,-0.003089
300,2015/9/14,3281.132,-0.019735
300,2015/9/15,3152.232,-0.039285
300,2015/9/16,3309.248,0.049811
300,2015/9/17,3236.999,-0.021832
300,2015/9/18,3251.273,0.00441
300,2015/9/21,3308.247,0.017524
300,2015/9/22,3339.03,0.009305
300,2015/9/23,3263.028,-0.022762
300,2015/9/24,3284.999,0.006733
300,2015/9/25,3231.951,-0.016149
300,2015/9/28,3242.752,0.003342
300,2015/9/29,3178.854,-0.019705
300,2015/9/30,3202.948,0.007579
300,2015/10/8,3296.482,0.029202
300,2015/10/9,3340.116,0.013237
300,2015/10/12,3447.693,0.032208
300,2015/10/13,3445.043,-0.000769
300,2015/10/14,3406.112,-0.011301
300,2015/10/15,3486.815,0.023694
300,2015/10/16,3534.065,0.013551
300,2015/10/19,3534.182,0.000033
300,2015/10/20,3577.703,0.012314
300,2015/10/21,3473.254,-0.029194
300,2015/10/22,3524.534,0.014764
300,2015/10/23,3571.241,0.013252
300,2015/10/26,3589.261,0.005046
300,2015/10/27,3592.879,0.001008
300,2015/10/28,3524.92,-0.018915
300,2015/10/29,3533.307,-0.005548
300,2015/10/30,3534.079,0.000218
300,2015/11/2,3475.962,-0.016445
300,2015/11/3,3465.493,-0.003012
300,2015/11/4,3628.538,0.047048
300,2015/11/5,3705.97,0.02134
300,2015/11/6,3793.374,0.023585
300,2015/11/9,3840.355,0.012385
300,2015/11/10,3833.238,-0.001853
300,2015/11/11,3833.646,0.000106
300,2015/11/12,3795.324,-0.009996
300,2015/11/13,3746.242,-0.012932
300,2015/11/16,3764.126,0.004774
300,2015/11/17,3758.387,-0.001525
300,2015/11/18,3715.58,-0.01139
300,2015/11/19,3774.969,0.015984
300,2015/11/20,3774.383,-0.000155
300,2015/11/23,3753.335,-0.005577
300,2015/11/24,3753.889,0.000148
300,2015/11/25,3781.607,0.007384
300,2015/11/26,3759.429,-0.005865
300,2015/11/27,3556.992,-0.053848
300,2015/11/30,3566.412,0.002648
300,2015/12/1,3591.696,0.007089
300,2015/12/2,3721.955,0.036267
300,2015/12/3,3749.299,0.007347
300,2015/12/4,3677.592,-0.019125
300,2015/12/7,3687.607,0.002723
300,2015/12/8,3623.02,-0.017515
300,2015/12/9,3635.938,0.003566
300,2015/12/10,3623.084,-0.003535
300,2015/12/11,3608.059,-0.004147
300,2015/12/14,3711.322,0.02862
300,2015/12/15,3694.389,-0.004563
300,2015/12/16,3685.44,-0.002422
300,2015/12/17,3755.888,0.019115
300,2015/12/18,3767.913,0.003202
300,2015/12/21,3865.965,0.026023
300,2015/12/22,3876.733,0.002785
300,2015/12/23,3866.381,-0.00267
300,2015/12/24,3829.402,-0.009564
300,2015/12/25,3838.201,0.002298
300,2015/12/28,3727.632,-0.028808
300,2015/12/29,3761.875,0.009186
300,2015/12/30,3765.175,0.000877
300,2015/12/31,3731.005,-0.009075
300,2016/1/4,3469.066,-0.070206
300,2016/1/5,3478.78,0.0028
300,2016/1/6,3539.808,0.017543
300,2016/1/7,3294.384,-0.069333
300,2016/1/8,3361.563,0.020392
300,2016/1/11,3192.45,-0.050308
300,2016/1/12,3215.71,0.007286
300,2016/1/13,3155.879,-0.018606
300,2016/1/14,3221.571,0.020816
300,2016/1/15,3118.73,-0.031923
300,2016/1/18,3130.729,0.003847
300,2016/1/19,3223.125,0.029513
300,2016/1/20,3174.378,-0.015124
300,2016/1/21,3081.345,-0.029307
300,2016/1/22,3113.463,0.010423
300,2016/1/25,3128.886,0.004954
300,2016/1/26,2940.509,-0.060206
300,2016/1/27,2930.352,-0.003454
300,2016/1/28,2853.756,-0.026139
300,2016/1/29,2946.09,0.032355
300,2016/2/1,2901.048,-0.015289
300,2016/2/2,2961.334,0.020781
300,2016/2/3,2948.639,-0.004287
300,2016/2/4,2984.76,0.01225
300,2016/2/5,2963.789,-0.007026
300,2016/2/15,2946.707,-0.005764
300,2016/2/16,3037.035,0.030654
300,2016/2/17,3063.32,0.008655
300,2016/2/18,3053.699,-0.003141
300,2016/2/19,3051.585,-0.000692
300,2016/2/22,3118.868,0.022049
300,2016/2/23,3089.363,-0.00946
300,2016/2/24,3109.545,0.006533
300,2016/2/25,2918.75,-0.061358
300,2016/2/26,2948.031,0.010032
300,2016/2/29,2877.467,-0.023936
300,2016/3/1,2930.694,0.018498
300,2016/3/2,3051.333,0.041164
300,2016/3/3,3058.422,0.002323
300,2016/3/4,3093.89,0.011597
300,2016/3/7,3104.84,0.003539
300,2016/3/8,3107.673,0.000912
300,2016/3/9,3071.907,-0.011509
300,2016/3/10,3013.146,-0.019129
300,2016/3/11,3018.284,0.001705
300,2016/3/14,3065.69,0.015706
300,2016/3/15,3074.78,0.002965
300,2016/3/16,3090.033,0.004961
300,2016/3/17,3124.204,0.011058
300,2016/3/18,3171.963,0.015287
300,2016/3/21,3249.437,0.024425
300,2016/3/22,3225.79,-0.007277
300,2016/3/23,3236.092,0.003194
300,2016/3/24,3181.851,-0.016761
300,2016/3/25,3197.817,0.005018
300,2016/3/28,3169.728,-0.008784
300,2016/3/29,3135.41,-0.010827
300,2016/3/30,3216.275,0.025791
300,2016/3/31,3218.088,0.000564
300,2016/4/1,3221.895,0.001183
300,2016/4/5,3264.486,0.013219
300,2016/4/6,3257.528,-0.002131
300,2016/4/7,3209.29,-0.014808
300,2016/4/8,3185.726,-0.007342
300,2016/4/11,3230.096,0.013928
300,2016/4/12,3218.45,-0.003605
300,2016/4/13,3261.383,0.01334
300,2016/4/14,3275.832,0.00443
300,2016/4/15,3272.205,-0.001107
300,2016/4/18,3228.453,-0.013371
300,2016/4/19,3238.303,0.003051
300,2016/4/20,3181.026,-0.017687
300,2016/4/21,3160.603,-0.00642
300,2016/4/22,3174.901,0.004524
300,2016/4/25,3162.033,-0.004053
300,2016/4/26,3179.161,0.005417
300,2016/4/27,3165.916,-0.004166
300,2016/4/28,3160.581,-0.001685
300,2016/4/29,3156.745,-0.001214
300,2016/5/3,3213.54,0.017992
300,2016/5/4,3209.461,-0.001269
300,2016/5/5,3213.92,0.001389
300,2016/5/6,3130.354,-0.026001
300,2016/5/9,3065.615,-0.020681
300,2016/5/10,3069.112,0.001141
300,2016/5/11,3082.809,0.004463
300,2016/5/12,3090.137,0.002377
300,2016/5/13,3074.935,-0.00492
300,2016/5/16,3095.309,0.006626
300,2016/5/17,3086.025,-0.002999
300,2016/5/18,3068.036,-0.005829
300,2016/5/19,3062.5,-0.001804
300,2016/5/20,3078.218,0.005132
300,2016/5/23,3087.222,0.002925
300,2016/5/24,3063.556,-0.007666
300,2016/5/25,3059.226,-0.001413
300,2016/5/26,3064.211,0.001629
300,2016/5/27,3062.499,-0.000559
300,2016/5/30,3066.709,0.001375
300,2016/5/31,3169.56,0.033538
300,2016/6/1,3160.547,-0.002844
300,2016/6/2,3167.1,0.002073
300,2016/6/3,3189.325,0.007017
300,2016/6/6,3178.788,-0.003304
300,2016/6/7,3177.054,-0.000545
300,2016/6/8,3163.986,-0.004113
300,2016/6/13,3066.341,-0.030861
300,2016/6/14,3075.983,0.003144
300,2016/6/15,3116.368,0.013129
300,2016/6/16,3094.675,-0.006961
300,2016/6/17,3110.357,0.005067
300,2016/6/20,3112.674,0.000745
300,2016/6/21,3106.318,-0.002042
300,2016/6/22,3133.961,0.008899
300,2016/6/23,3117.317,-0.005311
300,2016/6/24,3077.155,-0.012884
300,2016/6/27,3120.544,0.0141
300,2016/6/28,3136.401,0.005081
300,2016/6/29,3151.39,0.004779
300,2016/6/30,3153.921,0.000803
300,2016/7/1,3154.2,0.000088
300,2016/7/4,3204.696,0.016009
300,2016/7/5,3207.383,0.000838
300,2016/7/6,3216.803,0.002937
300,2016/7/7,3209.954,-0.002129
300,2016/7/8,3192.28,-0.005506
300,2016/7/11,3203.33,0.003461
300,2016/7/12,3273.182,0.021806
300,2016/7/13,3282.868,0.002959
300,2016/7/14,3276.764,-0.001859
300,2016/7/15,3276.278,-0.000148
300,2016/7/18,3262.022,-0.004351
300,2016/7/19,3248.234,-0.004227
300,2016/7/20,3237.605,-0.003272
300,2016/7/21,3252.523,0.004608
300,2016/7/22,3225.162,-0.008412
300,2016/7/25,3230.885,0.001774
300,2016/7/26,3269.588,0.011979
300,2016/7/27,3218.243,-0.015704
300,2016/7/28,3221.137,0.000899
300,2016/7/29,3203.93,-0.005342
300,2016/8/1,3176.809,-0.008465
300,2016/8/2,3189.053,0.003854
300,2016/8/3,3193.507,0.001397
300,2016/8/4,3201.289,0.002437
300,2016/8/5,3205.11,0.001194
300,2016/8/8,3234.183,0.009071
300,2016/8/9,3256.981,0.007049
300,2016/8/10,3243.341,-0.004188
300,2016/8/11,3233.36,-0.003077
300,2016/8/12,3294.234,0.018827
300,2016/8/15,3393.424,0.03011
300,2016/8/16,3378.245,-0.004473
300,2016/8/17,3373.048,-0.001538
300,2016/8/18,3364.485,-0.002539
300,2016/8/19,3365.02,0.000159
300,2016/8/22,3336.795,-0.008388
300,2016/8/23,3341.83,0.001509
300,2016/8/24,3329.863,-0.003581
300,2016/8/25,3308.972,-0.006274
300,2016/8/26,3307.09,-0.000569
300,2016/8/29,3307.781,0.000209
300,2016/8/30,3311.987,0.001272
300,2016/8/31,3327.794,0.004773
300,2016/9/1,3301.577,-0.007878
300,2016/9/2,3314.114,0.003797
300,2016/9/5,3319.68,0.001679
300,2016/9/6,3342.626,0.006912
300,2016/9/7,3340.817,-0.000541
300,2016/9/8,3339.564,-0.000375
300,2016/9/9,3318.044,-0.006444
300,2016/9/12,3262.604,-0.016709
300,2016/9/13,3260.333,-0.000696
300,2016/9/14,3238.73,-0.006626
300,2016/9/19,3263.124,0.007532
300,2016/9/20,3257.403,-0.001753
300,2016/9/21,3266.636,0.002834
300,2016/9/22,3291.121,0.007495
300,2016/9/23,3275.666,-0.004696
300,2016/9/26,3220.284,-0.016907
300,2016/9/27,3240.755,0.006357
300,2016/9/28,3230.89,-0.003044
300,2016/9/29,3244.387,0.004177
300,2016/9/30,3253.285,0.002743
300,2016/10/10,3293.869,0.012475
300,2016/10/11,3306.557,0.003852
300,2016/10/12,3300.01,-0.00198
300,2016/10/13,3302.646,0.000799
300,2016/10/14,3305.848,0.00097
300,2016/10/17,3277.879,-0.00846
300,2016/10/18,3321.332,0.013256
300,2016/10/19,3316.241,-0.001533
300,2016/10/20,3318.604,0.000713
300,2016/10/21,3327.74,0.002753
300,2016/10/24,3367.578,0.011971
300,2016/10/25,3367.455,-0.000037
300,2016/10/26,3354.8,-0.003758
300,2016/10/27,3345.695,-0.002714
300,2016/10/28,3340.126,-0.001665
300,2016/10/31,3336.278,-0.001152
300,2016/11/1,3359.052,0.006826
300,2016/11/2,3333.352,-0.007651
300,2016/11/3,3365.085,0.00952
300,2016/11/4,3354.175,-0.003242
300,2016/11/7,3356.592,0.000721
300,2016/11/8,3371.118,0.004328
300,2016/11/9,3353.055,-0.005358
300,2016/11/10,3390.612,0.011201
300,2016/11/11,3417.221,0.007848
300,2016/11/14,3430.248,0.003812
300,2016/11/15,3429.87,-0.00011
300,2016/11/16,3429.592,-0.000081
300,2016/11/17,3436.535,0.002024
300,2016/11/18,3417.455,-0.005552
300,2016/11/21,3441.111,0.006922
300,2016/11/22,3468.364,0.00792
300,2016/11/23,3474.729,0.001835
300,2016/11/24,3488.74,0.004032
300,2016/11/25,3521.298,0.009332
300,2016/11/28,3535.081,0.003914
300,2016/11/29,3564.04,0.008192
300,2016/11/30,3538.001,-0.007306
300,2016/12/1,3565.036,0.007641
300,2016/12/2,3528.955,-0.010121
300,2016/12/5,3469.407,-0.016874
300,2016/12/6,3459.153,-0.002956
300,2016/12/7,3475.747,0.004797
300,2016/12/8,3470.143,-0.001612
300,2016/12/9,3493.7,0.006788
300,2016/12/12,3409.179,-0.024192
300,2016/12/13,3405.035,-0.001216
300,2016/12/14,3378.945,-0.007662
300,2016/12/15,3340.434,-0.011397
300,2016/12/16,3346.03,0.001675
300,2016/12/19,3328.983,-0.005095
300,2016/12/20,3309.064,-0.005984
300,2016/12/21,3338.536,0.008906
300,2016/12/22,3335.672,-0.000858
300,2016/12/23,3307.599,-0.008416
300,2016/12/26,3322.401,0.004475
300,2016/12/27,3316.385,-0.001811
300,2016/12/28,3301.889,-0.004371
300,2016/12/29,3297.765,-0.001249
300,2016/12/30,3310.081,0.003735
300,2017/1/3,3342.227,0.009712
300,2017/1/4,3368.312,0.007805
300,2017/1/5,3367.789,-0.000155
300,2017/1/6,3347.666,-0.005975
300,2017/1/9,3363.901,0.00485
300,2017/1/10,3358.272,-0.001673
300,2017/1/11,3334.495,-0.00708
300,2017/1/12,3317.624,-0.00506
300,2017/1/13,3319.912,0.00069
300,2017/1/16,3319.445,-0.000141
300,2017/1/17,3326.356,0.002082
300,2017/1/18,3339.365,0.003911
300,2017/1/19,3329.289,-0.003017
300,2017/1/20,3354.889,0.007689
300,2017/1/23,3364.081,0.00274
300,2017/1/24,3364.451,0.00011
300,2017/1/25,3375.904,0.003404
300,2017/1/26,3387.961,0.003571
300,2017/2/3,3364.492,-0.006927
300,2017/2/6,3373.205,0.00259
300,2017/2/7,3365.685,-0.002229
300,2017/2/8,3383.288,0.00523
300,2017/2/9,3396.292,0.003844
300,2017/2/10,3413.487,0.005063
300,2017/2/13,3436.275,0.006676
300,2017/2/14,3435.804,-0.000137
300,2017/2/15,3421.713,-0.004101
300,2017/2/16,3440.933,0.005617
300,2017/2/17,3421.442,-0.005664
300,2017/2/20,3471.393,0.014599
300,2017/2/21,3482.823,0.003293
300,2017/2/22,3489.757,0.001991
300,2017/2/23,3473.324,-0.004709
300,2017/2/24,3473.852,0.000152
300,2017/2/27,3446.223,-0.007953
300,2017/2/28,3452.81,0.001911
300,2017/3/1,3458.438,0.00163
300,2017/3/2,3435.096,-0.006749
300,2017/3/3,3427.863,-0.002106
300,2017/3/6,3446.484,0.005432
300,2017/3/7,3453.956,0.002168
300,2017/3/8,3448.731,-0.001513
300,2017/3/9,3426.944,-0.006317
300,2017/3/10,3427.892,0.000277
300,2017/3/13,3458.098,0.008812
300,2017/3/14,3456.693,-0.000406
300,2017/3/15,3463.644,0.002011
300,2017/3/16,3481.507,0.005157
300,2017/3/17,3445.805,-0.010255
300,2017/3/20,3449.613,0.001105
300,2017/3/21,3466.347,0.004851
300,2017/3/22,3450.05,-0.004701
300,2017/3/23,3461.978,0.003457
300,2017/3/24,3489.6,0.007979
300,2017/3/27,3478.039,-0.003313
300,2017/3/28,3469.809,-0.002366
300,2017/3/29,3465.193,-0.00133
300,2017/3/30,3436.758,-0.008206
300,2017/3/31,3456.046,0.005612
300,2017/4/5,3503.893,0.013844
300,2017/4/6,3514.047,0.002898
300,2017/4/7,3517.463,0.000972
300,2017/4/10,3505.139,-0.003504
300,2017/4/11,3517.328,0.003477
300,2017/4/12,3509.439,-0.002243
300,2017/4/13,3514.566,0.001461
300,2017/4/14,3486.505,-0.007984
300,2017/4/17,3479.942,-0.001882
300,2017/4/18,3462.743,-0.004942
300,2017/4/19,3445.876,-0.004871
300,2017/4/20,3461.548,0.004548
300,2017/4/21,3466.787,0.001513
300,2017/4/24,3431.259,-0.010248
300,2017/4/25,3440.974,0.002831
300,2017/4/26,3445.183,0.001223
300,2017/4/27,3446.72,0.000446
300,2017/4/28,3439.753,-0.002021
300,2017/5/2,3426.577,-0.003831
300,2017/5/3,3413.128,-0.003925
300,2017/5/4,3404.386,-0.002561
300,2017/5/5,3382.55,-0.006414
300,2017/5/8,3358.813,-0.007017
300,2017/5/9,3352.532,-0.00187
300,2017/5/10,3337.701,-0.004424
300,2017/5/11,3356.646,0.005676
300,2017/5/12,3385.379,0.00856
300,2017/5/15,3399.194,0.004081
300,2017/5/16,3428.649,0.008665
300,2017/5/17,3409.966,-0.005449
300,2017/5/18,3398.113,-0.003476
300,2017/5/19,3403.849,0.001688
300,2017/5/22,3411.239,0.002171
300,2017/5/23,3424.194,0.003798
300,2017/5/24,3424.167,-0.000008
300,2017/5/25,3485.658,0.017958
300,2017/5/26,3480.434,-0.001499
300,2017/5/31,3492.885,0.003577
300,2017/6/1,3497.738,0.001389
300,2017/6/2,3486.507,-0.003211
300,2017/6/5,3468.754,-0.005092
300,2017/6/6,3492.882,0.006956
300,2017/6/7,3533.872,0.011735
300,2017/6/8,3560.979,0.007671
300,2017/6/9,3576.17,0.004266
300,2017/6/12,3574.389,-0.000498
300,2017/6/13,3582.267,0.002204
300,2017/6/14,3535.299,-0.013111
300,2017/6/15,3528.793,-0.00184
300,2017/6/16,3518.761,-0.002843
300,2017/6/19,3553.665,0.009919
300,2017/6/20,3546.494,-0.002018
300,2017/6/21,3587.955,0.011691
300,2017/6/22,3590.343,0.000666
300,2017/6/23,3622.883,0.009063
300,2017/6/26,3668.092,0.012479
300,2017/6/27,3674.715,0.001806
300,2017/6/28,3646.167,-0.007769
300,2017/6/29,3668.828,0.006215
300,2017/6/30,3666.798,-0.000553
300,2017/7/3,3650.846,-0.00435
300,2017/7/4,3619.984,-0.008453
300,2017/7/5,3659.68,0.010966
300,2017/7/6,3660.097,0.000114
300,2017/7/7,3655.929,-0.001139
300,2017/7/10,3653.687,-0.000613
300,2017/7/11,3670.809,0.004686
300,2017/7/12,3658.824,-0.003265
300,2017/7/13,3686.921,0.007679
300,2017/7/14,3703.094,0.004387
300,2017/7/17,3663.557,-0.010677
300,2017/7/18,3667.181,0.000989
300,2017/7/19,3729.747,0.017061
300,2017/7/20,3747.884,0.004863
300,2017/7/21,3728.598,-0.005146
300,2017/7/24,3743.469,0.003988
300,2017/7/25,3719.559,-0.006387
300,2017/7/26,3705.388,-0.00381
300,2017/7/27,3712.195,0.001837
300,2017/7/28,3721.891,0.002612
300,2017/7/31,3737.873,0.004294
300,2017/8/1,3770.383,0.008697
300,2017/8/2,3760.852,-0.002528
300,2017/8/3,3727.826,-0.008782
300,2017/8/4,3707.58,-0.005431
300,2017/8/7,3726.795,0.005183
300,2017/8/8,3732.213,0.001454
300,2017/8/9,3731.044,-0.000313
300,2017/8/10,3715.921,-0.004053
300,2017/8/11,3647.35,-0.018453
300,2017/8/14,3694.683,0.012977
300,2017/8/15,3706.057,0.003078
300,2017/8/16,3701.421,-0.001251
300,2017/8/17,3721.277,0.005364
300,2017/8/18,3724.675,0.000913
300,2017/8/21,3740.994,0.004381
300,2017/8/22,3752.298,0.003022
300,2017/8/23,3756.088,0.00101
300,2017/8/24,3734.646,-0.005709
300,2017/8/25,3795.754,0.016362
300,2017/8/28,3842.712,0.012371
300,2017/8/29,3834.538,-0.002127
300,2017/8/30,3834.3,-0.000062
300,2017/8/31,3822.093,-0.003184
300,2017/9/1,3830.538,0.00221
300,2017/9/4,3845.616,0.003936
300,2017/9/5,3857.046,0.002972
300,2017/9/6,3849.45,-0.001969
300,2017/9/7,3829.871,-0.005086
300,2017/9/8,3825.99,-0.001013
300,2017/9/11,3825.645,-0.00009
300,2017/9/12,3837.934,0.003212
300,2017/9/13,3842.606,0.001217
300,2017/9/14,3829.955,-0.003292
300,2017/9/15,3831.296,0.00035
300,2017/9/18,3843.143,0.003092
300,2017/9/19,3832.116,-0.002869
300,2017/9/20,3842.435,0.002693
300,2017/9/21,3837.818,-0.001202
300,2017/9/22,3837.73,-0.000023
300,2017/9/25,3817.791,-0.005196
300,2017/9/26,3820.782,0.000783
300,2017/9/27,3821.2,0.000109
300,2017/9/28,3822.539,0.00035
300,2017/9/29,3836.501,0.003653
300,2017/10/9,3882.208,0.011914
300,2017/10/10,3889.864,0.001972
300,2017/10/11,3902.687,0.003297
300,2017/10/12,3912.954,0.002631
300,2017/10/13,3921.002,0.002057
300,2017/10/16,3913.446,-0.001927
300,2017/10/17,3913.069,-0.000096
300,2017/10/18,3944.163,0.007946
300,2017/10/19,3931.249,-0.003274
300,2017/10/20,3926.852,-0.001118
300,2017/10/23,3930.798,0.001005
300,2017/10/24,3959.395,0.007275
300,2017/10/25,3976.949,0.004434
300,2017/10/26,3993.575,0.004181
300,2017/10/27,4021.968,0.00711
300,2017/10/30,4009.722,-0.003045
300,2017/10/31,4006.718,-0.000749
300,2017/11/1,3996.622,-0.00252
300,2017/11/2,3997.134,0.000128
300,2017/11/3,3992.698,-0.00111
300,2017/11/6,4020.89,0.007061
300,2017/11/7,4054.247,0.008296
300,2017/11/8,4048.006,-0.001539
300,2017/11/9,4075.9,0.006891
300,2017/11/10,4111.911,0.008835
300,2017/11/13,4128.073,0.003931
300,2017/11/14,4099.351,-0.006958
300,2017/11/15,4073.67,-0.006265
300,2017/11/16,4105.012,0.007694
300,2017/11/17,4120.851,0.003858
300,2017/11/20,4143.833,0.005577
300,2017/11/21,4217.702,0.017826
300,2017/11/22,4227.567,0.002339
300,2017/11/23,4102.397,-0.029608
300,2017/11/24,4104.203,0.00044
300,2017/11/27,4049.948,-0.013219
300,2017/11/28,4055.823,0.001451
300,2017/11/29,4053.753,-0.00051
300,2017/11/30,4006.099,-0.011756
300,2017/12/1,3998.137,-0.001987
300,2017/12/4,4018.857,0.005182
300,2017/12/5,4040.17,0.005303
300,2017/12/6,4015.821,-0.006027
300,2017/12/7,3971.057,-0.011147
300,2017/12/8,4003.379,0.008139
300,2017/12/11,4069.5,0.016516
300,2017/12/12,4016.016,-0.013143
300,2017/12/13,4050.093,0.008485
300,2017/12/14,4026.152,-0.005911
300,2017/12/15,3980.856,-0.01125
300,2017/12/18,3985.291,0.001114
300,2017/12/19,4035.329,0.012556
300,2017/12/20,4030.49,-0.001199
300,2017/12/21,4067.849,0.009269
300,2017/12/22,4054.598,-0.003257
300,2017/12/25,4041.54,-0.003221
300,2017/12/26,4053.622,0.002989
300,2017/12/27,3991.207,-0.015397
300,2017/12/28,4018.897,0.006938
300,2017/12/29,4030.855,0.002975
300,2018/1/2,4087.401,0.014028
300,2018/1/3,4111.392,0.005869
300,2018/1/4,4128.812,0.004237
300,2018/1/5,4138.751,0.002407
300,2018/1/8,4160.159,0.005173
300,2018/1/9,4189.298,0.007004
300,2018/1/10,4207.813,0.00442
300,2018/1/11,4205.586,-0.000529
300,2018/1/12,4225.001,0.004616
300,2018/1/15,4225.239,0.000056
300,2018/1/16,4258.473,0.007866
300,2018/1/17,4248.116,-0.002432
300,2018/1/18,4271.417,0.005485
300,2018/1/19,4285.395,0.003272
300,2018/1/22,4336.597,0.011948
300,2018/1/23,4382.613,0.010611
300,2018/1/24,4389.885,0.001659
300,2018/1/25,4365.079,-0.005651
300,2018/1/26,4381.3,0.003716
300,2018/1/29,4302.018,-0.018096
300,2018/1/30,4256.102,-0.010673
300,2018/1/31,4275.899,0.004651
300,2018/2/1,4245.898,-0.007016
300,2018/2/2,4271.233,0.005967
300,2018/2/5,4274.146,0.000682
300,2018/2/6,4148.886,-0.029306
300,2018/2/7,4050.497,-0.023715
300,2018/2/8,4012.047,-0.009493
300,2018/2/9,3840.653,-0.04272
300,2018/2/12,3890.105,0.012876
300,2018/2/13,3935.632,0.011703
300,2018/2/14,3966.961,0.00796
300,2018/2/22,4052.733,0.021622
300,2018/2/23,4071.089,0.004529
300,2018/2/26,4118.419,0.011626
300,2018/2/27,4058.981,-0.014432
300,2018/2/28,4023.642,-0.008706
300,2018/3/1,4049.086,0.006324
300,2018/3/2,4016.461,-0.008057
300,2018/3/5,4018.097,0.000407
300,2018/3/6,4066.565,0.012062
300,2018/3/7,4036.654,-0.007355
300,2018/3/8,4077.6,0.010144
300,2018/3/9,4108.865,0.007668
300,2018/3/12,4127.666,0.004576
300,2018/3/13,4091.253,-0.008822
300,2018/3/14,4073.345,-0.004377
300,2018/3/15,4096.163,0.005602
300,2018/3/16,4056.423,-0.009702
300,2018/3/19,4074.248,0.004394
300,2018/3/20,4077.704,0.000848
300,2018/3/21,4061.05,-0.004084
300,2018/3/22,4020.349,-0.010022
300,2018/3/23,3904.936,-0.028707
300,2018/3/26,3879.893,-0.006413
300,2018/3/27,3913.269,0.008602
300,2018/3/28,3842.715,-0.018029
300,2018/3/29,3894.05,0.013359
300,2018/3/30,3898.498,0.001142
300,2018/4/2,3886.919,-0.00297
300,2018/4/3,3862.48,-0.006287
300,2018/4/4,3854.863,-0.001972
300,2018/4/9,3852.929,-0.000502
300,2018/4/10,3927.173,0.019269
300,2018/4/11,3938.343,0.002844
300,2018/4/12,3898.635,-0.010082
300,2018/4/13,3871.144,-0.007051
300,2018/4/16,3808.863,-0.016089
300,2018/4/17,3748.641,-0.015811
300,2018/4/18,3766.282,0.004706
300,2018/4/19,3811.843,0.012097
300,2018/4/20,3760.854,-0.013376
300,2018/4/23,3766.326,0.001455
300,2018/4/24,3843.489,0.020488
300,2018/4/25,3828.702,-0.003847
300,2018/4/26,3755.494,-0.019121
300,2018/4/27,3756.876,0.000368
300,2018/5/2,3763.646,0.001802
300,2018/5/3,3793,0.007799
300,2018/5/4,3774.598,-0.004852
300,2018/5/7,3834.188,0.015787
300,2018/5/8,3878.677,0.011603
300,2018/5/9,3871.615,-0.001821
300,2018/5/10,3893.057,0.005538
300,2018/5/11,3872.838,-0.005194
300,2018/5/14,3909.293,0.009413
300,2018/5/15,3924.097,0.003787
300,2018/5/16,3892.844,-0.007964
300,2018/5/17,3864.051,-0.007396
300,2018/5/18,3903.064,0.010096
300,2018/5/21,3921.242,0.004657
300,2018/5/22,3906.208,-0.003834
300,2018/5/23,3854.582,-0.013216
300,2018/5/24,3827.217,-0.007099
300,2018/5/25,3816.498,-0.002801
300,2018/5/28,3833.26,0.004392
300,2018/5/29,3804.009,-0.007631
300,2018/5/30,3723.372,-0.021198
300,2018/5/31,3802.376,0.021218
300,2018/6/1,3770.589,-0.00836
300,2018/6/4,3807.578,0.00981
300,2018/6/5,3845.316,0.009911
300,2018/6/6,3837.351,-0.002071
300,2018/6/7,3831.013,-0.001652
300,2018/6/8,3779.616,-0.013416
300,2018/6/11,3779.982,0.000097
300,2018/6/12,3825.953,0.012162
300,2018/6/13,3788.339,-0.009831
300,2018/6/14,3773.365,-0.003953
300,2018/6/15,3753.434,-0.005282
300,2018/6/19,3621.117,-0.035252
300,2018/6/20,3635.444,0.003957
300,2018/6/21,3592.965,-0.011685
300,2018/6/22,3608.905,0.004436
300,2018/6/25,3560.478,-0.013419
300,2018/6/26,3531.111,-0.008248
300,2018/6/27,3459.262,-0.020347
300,2018/6/28,3423.526,-0.010331
300,2018/6/29,3510.985,0.025546
300,2018/7/2,3407.964,-0.029342
300,2018/7/3,3409.28,0.000386
300,2018/7/4,3363.747,-0.013356
300,2018/7/5,3342.438,-0.006335
300,2018/7/6,3365.123,0.006787
300,2018/7/9,3459.184,0.027952
300,2018/7/10,3467.515,0.002408
300,2018/7/11,3407.53,-0.017299
300,2018/7/12,3481.056,0.021578
300,2018/7/13,3492.69,0.003342
300,2018/7/16,3472.086,-0.005899
300,2018/7/17,3449.377,-0.00654
300,2018/7/18,3431.323,-0.005234
300,2018/7/19,3428.343,-0.000868
300,2018/7/20,3492.894,0.018829
300,2018/7/23,3525.75,0.009407
300,2018/7/24,3581.706,0.015871
300,2018/7/25,3577.752,-0.001104
300,2018/7/26,3536.246,-0.011601
300,2018/7/27,3521.227,-0.004247
300,2018/7/30,3515.079,-0.001746
300,2018/7/31,3517.657,0.000733
300,2018/8/1,3447.388,-0.019976
300,2018/8/2,3370.958,-0.02217
300,2018/8/3,3315.284,-0.016516
300,2018/8/6,3273.273,-0.012672
300,2018/8/7,3368.869,0.029205
300,2018/8/8,3314.508,-0.016136
300,2018/8/9,3397.53,0.025048
300,2018/8/10,3405.019,0.002204
300,2018/8/13,3390.344,-0.00431
300,2018/8/14,3372.914,-0.005141
300,2018/8/15,3291.976,-0.023996
300,2018/8/16,3276.728,-0.004632
300,2018/8/17,3229.62,-0.014377
300,2018/8/20,3267.25,0.011652
300,2018/8/21,3326.649,0.01818
300,2018/8/22,3307.954,-0.00562
300,2018/8/23,3320.026,0.003649
300,2018/8/24,3325.335,0.001599
300,2018/8/27,3406.573,0.02443
300,2018/8/28,3400.171,-0.001879
300,2018/8/29,3386.574,-0.003999
300,2018/8/30,3351.094,-0.010477
300,2018/8/31,3334.504,-0.004951
300,2018/9/3,3321.825,-0.003802
300,2018/9/4,3363.898,0.012666
300,2018/9/5,3298.141,-0.019548
300,2018/9/6,3262.881,-0.010691
300,2018/9/7,3277.644,0.004525
300,2018/9/10,3230.068,-0.014515
300,2018/9/11,3224.212,-0.001813
300,2018/9/12,3202.025,-0.006881
300,2018/9/13,3236.566,0.010787
300,2018/9/14,3242.09,0.001707
300,2018/9/17,3204.922,-0.011464
300,2018/9/18,3269.432,0.020128
300,2018/9/19,3312.482,0.013167
300,2018/9/20,3310.126,-0.000711
300,2018/9/21,3410.486,0.030319
300,2018/9/25,3379.804,-0.008996
300,2018/9/26,3417.241,0.011077
300,2018/9/27,3403.59,-0.003995
300,2018/9/28,3438.865,0.010364
300,2018/10/8,3290.899,-0.043028
300,2018/10/9,3288.691,-0.000671
300,2018/10/10,3281.598,-0.002157
300,2018/10/11,3124.114,-0.04799
300,2018/10/12,3170.726,0.01492
300,2018/10/15,3126.452,-0.013963
300,2018/10/16,3100.974,-0.008149
300,2018/10/17,3118.246,0.00557
300,2018/10/18,3044.392,-0.023684
300,2018/10/19,3134.945,0.029744
300,2018/10/22,3270.273,0.043168
300,2018/10/23,3183.426,-0.026556
300,2018/10/24,3188.202,0.0015
300,2018/10/25,3194.308,0.001915
300,2018/10/26,3173.635,-0.006472
300,2018/10/29,3076.889,-0.030484
300,2018/10/30,3110.26,0.010846
300,2018/10/31,3153.823,0.014006
300,2018/11/1,3177.034,0.00736
300,2018/11/2,3290.245,0.035634
300,2018/11/5,3262.835,-0.008331
300,2018/11/6,3243.15,-0.006033
300,2018/11/7,3221.91,-0.006549
300,2018/11/8,3212.774,-0.002836
300,2018/11/9,3167.444,-0.014109
300,2018/11/12,3205.141,0.011901
300,2018/11/13,3237.382,0.010059
300,2018/11/14,3204.943,-0.01002
300,2018/11/15,3242.372,0.011679
300,2018/11/16,3257.673,0.004719
300,2018/11/19,3294.603,0.011336
300,2018/11/20,3218.408,-0.023127
300,2018/11/21,3226.492,0.002512
300,2018/11/22,3214.427,-0.003739
300,2018/11/23,3143.475,-0.022073
300,2018/11/26,3141.243,-0.00071
300,2018/11/27,3137.241,-0.001274
300,2018/11/28,3178.933,0.013289
300,2018/11/29,3137.654,-0.012985
300,2018/11/30,3172.69,0.011166
300,2018/12/3,3260.95,0.027819
300,2018/12/4,3267.709,0.002073
300,2018/12/5,3252.004,-0.004806
300,2018/12/6,3181.673,-0.021627
300,2018/12/7,3181.565,-0.000034
300,2018/12/10,3144.763,-0.011567
300,2018/12/11,3159.816,0.004787
300,2018/12/12,3170.609,0.003416
300,2018/12/13,3219.692,0.015481
300,2018/12/14,3165.911,-0.016704
300,2018/12/17,3161.197,-0.001489
300,2018/12/18,3128.427,-0.010366
300,2018/12/19,3091.126,-0.011923
300,2018/12/20,3067.417,-0.00767
300,2018/12/21,3029.395,-0.012395
300,2018/12/24,3038.198,0.002906
300,2018/12/25,3017.282,-0.006884
300,2018/12/26,3002.033,-0.005054
300,2018/12/27,2990.506,-0.00384
300,2018/12/28,3010.654,0.006737
300,2019/1/2,2969.535,-0.013658
300,2019/1/3,2964.842,-0.00158
300,2019/1/4,3035.874,0.023958
300,2019/1/7,3054.303,0.00607
300,2019/1/8,3047.704,-0.002161
300,2019/1/9,3078.476,0.010097
300,2019/1/10,3072.686,-0.001881
300,2019/1/11,3094.778,0.00719
300,2019/1/14,3067.785,-0.008722
300,2019/1/15,3127.99,0.019625
300,2019/1/16,3128.652,0.000212
300,2019/1/17,3111.417,-0.005509
300,2019/1/18,3168.174,0.018242
300,2019/1/21,3185.636,0.005512
300,2019/1/22,3143.317,-0.013284
300,2019/1/23,3141.053,-0.00072
300,2019/1/24,3158.782,0.005644
300,2019/1/25,3184.47,0.008132
300,2019/1/28,3183.778,-0.000217
300,2019/1/29,3193.97,0.003201
300,2019/1/30,3168.483,-0.00798
300,2019/1/31,3201.633,0.010462
300,2019/2/1,3247.397,0.014294
300,2019/2/11,3306.472,0.018191
300,2019/2/12,3330.335,0.007217
300,2019/2/13,3397.028,0.020026
300,2019/2/14,3402.14,0.001505
300,2019/2/15,3338.705,-0.018646
300,2019/2/18,3445.745,0.03206
300,2019/2/19,3439.608,-0.001781
300,2019/2/20,3451.927,0.003582
300,2019/2/21,3442.706,-0.002671
300,2019/2/22,3520.118,0.022486
300,2019/2/25,3729.483,0.059477
300,2019/2/26,3684.693,-0.01201
300,2019/2/27,3678.392,-0.00171
300,2019/2/28,3669.37,-0.002453
300,2019/3/1,3749.714,0.021896
300,2019/3/4,3794.104,0.011838
300,2019/3/5,3816.013,0.005774
300,2019/3/6,3848.09,0.008406
300,2019/3/7,3808.85,-0.010197
300,2019/3/8,3657.579,-0.039716
300,2019/3/11,3729.955,0.019788
300,2019/3/12,3755.352,0.006809
300,2019/3/13,3724.194,-0.008297
300,2019/3/14,3698.486,-0.006903
300,2019/3/15,3745.005,0.012578
300,2019/3/18,3851.748,0.028503
300,2019/3/19,3833.963,-0.004617
300,2019/3/20,3835.44,0.000385
300,2019/3/21,3836.891,0.000378
300,2019/3/22,3833.801,-0.000805
300,2019/3/25,3742.825,-0.02373
300,2019/3/26,3700.439,-0.011325
300,2019/3/27,3743.388,0.011606
300,2019/3/28,3728.395,-0.004005
300,2019/3/29,3872.341,0.038608
300,2019/4/1,3973.928,0.026234
300,2019/4/2,3971.285,-0.000665
300,2019/4/3,4022.157,0.01281
300,2019/4/4,4062.231,0.009963
300,2019/4/8,4057.229,-0.001231
300,2019/4/9,4075.43,0.004486
300,2019/4/10,4085.847,0.002556
300,2019/4/11,3997.578,-0.021604
300,2019/4/12,3988.617,-0.002242
300,2019/4/15,3975.524,-0.003283
300,2019/4/16,4085.789,0.027736
300,2019/4/17,4087.24,0.000355
300,2019/4/18,4072.075,-0.00371
300,2019/4/19,4120.608,0.011918
300,2019/4/22,4025.611,-0.023054
300,2019/4/23,4019.005,-0.001641
300,2019/4/24,4030.089,0.002758
300,2019/4/25,3941.816,-0.021903
300,2019/4/26,3889.275,-0.013329
300,2019/4/29,3900.334,0.002843
300,2019/4/30,3913.211,0.003302
300,2019/5/6,3684.617,-0.058416
300,2019/5/7,3720.668,0.009784
300,2019/5/8,3667.457,-0.014301
300,2019/5/9,3599.7,-0.018475
300,2019/5/10,3730.451,0.036323
300,2019/5/13,3668.726,-0.016546
300,2019/5/14,3645.15,-0.006426
300,2019/5/15,3727.092,0.02248
300,2019/5/16,3743.963,0.004527
300,2019/5/17,3648.761,-0.025428
300,2019/5/20,3617.792,-0.008488
300,2019/5/21,3666.776,0.01354
300,2019/5/22,3649.38,-0.004744
300,2019/5/23,3583.965,-0.017925
300,2019/5/24,3593.914,0.002776
300,2019/5/27,3637.197,0.012043
300,2019/5/28,3672.26,0.00964
300,2019/5/29,3663.909,-0.002274
300,2019/5/30,3641.183,-0.006203
300,2019/5/31,3629.789,-0.003129
300,2019/6/3,3632.013,0.000613
300,2019/6/4,3598.467,-0.009236
300,2019/6/5,3597.105,-0.000378
300,2019/6/6,3564.678,-0.009015
300,2019/6/10,3610.744,0.012923
300,2019/6/11,3719.276,0.030058
300,2019/6/12,3691.096,-0.007577
300,2019/6/13,3685.393,-0.001545
300,2019/6/14,3654.88,-0.008279
300,2019/6/17,3654.825,-0.000015
300,2019/6/18,3667.619,0.003501
300,2019/6/19,3715.938,0.013174
300,2019/6/20,3828.518,0.030297
300,2019/6/21,3833.938,0.001416
300,2019/6/24,3841.266,0.001911
300,2019/6/25,3801.31,-0.010402
300,2019/6/26,3794.331,-0.001836
300,2019/6/27,3834.817,0.01067
300,2019/6/28,3825.587,-0.002407
300,2019/7/1,3935.812,0.028813
300,2019/7/2,3937.169,0.000345
300,2019/7/3,3893.534,-0.011083
300,2019/7/4,3873.102,-0.005248
300,2019/7/5,3893.202,0.00519
300,2019/7/8,3802.79,-0.023223
300,2019/7/9,3793.13,-0.00254
300,2019/7/10,3786.739,-0.001685
300,2019/7/11,3785.221,-0.000401
300,2019/7/12,3808.731,0.006211
300,2019/7/15,3824.188,0.004058
300,2019/7/16,3806.845,-0.004535
300,2019/7/17,3804.638,-0.00058
300,2019/7/18,3768.402,-0.009524
300,2019/7/19,3807.955,0.010496
300,2019/7/22,3781.683,-0.006899
300,2019/7/23,3789.914,0.002177
300,2019/7/24,3819.832,0.007894
300,2019/7/25,3851.066,0.008177
300,2019/7/26,3858.569,0.001948
300,2019/7/29,3854.27,-0.001114
300,2019/7/30,3870.318,0.004164
300,2019/7/31,3835.359,-0.009033
300,2019/8/1,3803.469,-0.008315
300,2019/8/2,3747.438,-0.014732
300,2019/8/5,3675.688,-0.019146
300,2019/8/6,3636.329,-0.010708
300,2019/8/7,3621.431,-0.004097
300,2019/8/8,3669.294,0.013217
300,2019/8/9,3633.53,-0.009747
300,2019/8/12,3699.105,0.018047
300,2019/8/13,3665.751,-0.009017
300,2019/8/14,3682.401,0.004542
300,2019/8/15,3694.001,0.00315
300,2019/8/16,3710.539,0.004477
300,2019/8/19,3791.095,0.02171
300,2019/8/20,3787.732,-0.000887
300,2019/8/21,3781.758,-0.001577
300,2019/8/22,3793.506,0.003106
300,2019/8/23,3820.864,0.007212
300,2019/8/26,3765.91,-0.014383
300,2019/8/27,3816.946,0.013552
300,2019/8/28,3802.584,-0.003763
300,2019/8/29,3790.187,-0.00326
300,2019/8/30,3799.586,0.00248
300,2019/9/2,3848.32,0.012826
300,2019/9/3,3853.611,0.001375
300,2019/9/4,3886.001,0.008405
300,2019/9/5,3925.323,0.010119
300,2019/9/6,3948.508,0.005907
300,2019/9/9,3972.948,0.00619
300,2019/9/10,3959.265,-0.003444
300,2019/9/11,3930.1,-0.007366
300,2019/9/12,3972.38,0.010758
300,2019/9/16,3957.715,-0.003692
300,2019/9/17,3891.221,-0.016801
300,2019/9/18,3910.084,0.004848
300,2019/9/19,3924.382,0.003657
300,2019/9/20,3935.651,0.002872
300,2019/9/23,3890.662,-0.011431
300,2019/9/24,3901.076,0.002677
300,2019/9/25,3870.984,-0.007714
300,2019/9/26,3841.139,-0.00771
300,2019/9/27,3852.653,0.002998
300,2019/9/30,3814.528,-0.009896
300,2019/10/8,3837.679,0.006069
300,2019/10/9,3843.239,0.001449
300,2019/10/10,3874.639,0.00817
300,2019/10/11,3911.725,0.009571
300,2019/10/14,3953.241,0.010613
300,2019/10/15,3936.25,-0.004298
300,2019/10/16,3922.685,-0.003446
300,2019/10/17,3925.222,0.000647
300,2019/10/18,3869.378,-0.014227
300,2019/10/21,3880.84,0.002962
300,2019/10/22,3895.881,0.003876
300,2019/10/23,3871.085,-0.006365
300,2019/10/24,3870.668,-0.000108
300,2019/10/25,3896.792,0.006749
300,2019/10/28,3926.585,0.007646
300,2019/10/29,3910.226,-0.004166
300,2019/10/30,3891.226,-0.004859
300,2019/10/31,3886.752,-0.00115
300,2019/11/1,3952.387,0.016887
300,2019/11/4,3978.122,0.006511
300,2019/11/5,4002.813,0.006207
300,2019/11/6,3984.882,-0.00448
300,2019/11/7,3991.875,0.001755
300,2019/11/8,3973.011,-0.004726
300,2019/11/11,3902.978,-0.017627
300,2019/11/12,3903.689,0.000182
300,2019/11/13,3899.981,-0.00095
300,2019/11/14,3905.857,0.001507
300,2019/11/15,3877.089,-0.007365
300,2019/11/18,3907.929,0.007954
300,2019/11/19,3947.039,0.010008
300,2019/11/20,3907.864,-0.009925
300,2019/11/21,3889.598,-0.004674
300,2019/11/22,3849.995,-0.010182
300,2019/11/25,3878.206,0.007328
300,2019/11/26,3891.653,0.003467
300,2019/11/27,3875.619,-0.00412
300,2019/11/28,3862.303,-0.003436
300,2019/11/29,3828.671,-0.008708
300,2019/12/2,3836.059,0.00193
300,2019/12/3,3851.087,0.003918
300,2019/12/4,3849.819,-0.000329
300,2019/12/5,3879.364,0.007674
300,2019/12/6,3902.385,0.005934
300,2019/12/9,3895.447,-0.001778
300,2019/12/10,3900.384,0.001267
300,2019/12/11,3902.749,0.000606
300,2019/12/12,3891.024,-0.003004
300,2019/12/13,3968.221,0.01984
300,2019/12/16,3987.546,0.00487
300,2019/12/17,4041.8,0.013606
300,2019/12/18,4032.783,-0.002231
300,2019/12/19,4027.149,-0.001397
300,2019/12/20,4017.253,-0.002457
300,2019/12/23,3967.096,-0.012485
300,2019/12/24,3992.958,0.006519
300,2019/12/25,3990.867,-0.000524
300,2019/12/26,4025.988,0.0088
300,2019/12/27,4022.028,-0.000984
300,2019/12/30,4081.633,0.01482
300,2019/12/31,4096.582,0.003663
300,2020/1/2,4152.241,0.013587
300,2020/1/3,4144.965,-0.001752
300,2020/1/6,4129.295,-0.00378
300,2020/1/7,4160.227,0.007491
300,2020/1/8,4112.317,-0.011516
300,2020/1/9,4164.37,0.012658
300,2020/1/10,4163.185,-0.000285
300,2020/1/13,4203.988,0.009801
300,2020/1/14,4189.886,-0.003354
300,2020/1/15,4166.734,-0.005526
300,2020/1/16,4149.043,-0.004246
300,2020/1/17,4154.853,0.0014
300,2020/1/20,4185.83,0.007456
300,2020/1/21,4114.309,-0.017086
300,2020/1/22,4131.931,0.004283
300,2020/1/23,4003.901,-0.030986
300,2020/2/3,3688.358,-0.078809
300,2020/2/4,3785.638,0.026375
300,2020/2/5,3828.527,0.011329
300,2020/2/6,3899.775,0.01861
300,2020/2/7,3899.869,0.000024
300,2020/2/10,3916.005,0.004138
300,2020/2/11,3952.464,0.00931
300,2020/2/12,3984.432,0.008088
300,2020/2/13,3959.919,-0.006152
300,2020/2/14,3987.734,0.007024
300,2020/2/17,4077.424,0.022491
300,2020/2/18,4057.511,-0.004884
300,2020/2/19,4051.311,-0.001528
300,2020/2/20,4144.656,0.023041
300,2020/2/21,4149.49,0.001166
300,2020/2/24,4132.839,-0.004013
300,2020/2/25,4123.854,-0.002174
300,2020/2/26,4073.015,-0.012328
300,2020/2/27,4084.876,0.002912
300,2020/2/28,3940.049,-0.035454
300,2020/3/2,4069.666,0.032897
300,2020/3/3,4091.361,0.005331
300,2020/3/4,4115.052,0.00579
300,2020/3/5,4206.725,0.022277
300,2020/3/6,4138.507,-0.016216
300,2020/3/9,3997.133,-0.034161
300,2020/3/10,4082.731,0.021415
300,2020/3/11,4028.429,-0.0133
300,2020/3/12,3950.911,-0.019243
300,2020/3/13,3895.313,-0.014072
300,2020/3/16,3727.84,-0.042993
300,2020/3/17,3709.682,-0.004871
300,2020/3/18,3636.256,-0.019793
300,2020/3/19,3589.093,-0.01297
300,2020/3/20,3653.224,0.017868
300,2020/3/23,3530.306,-0.033646
300,2020/3/24,3625.115,0.026856
300,2020/3/25,3722.518,0.026869
300,2020/3/26,3698.047,-0.006574
300,2020/3/27,3710.061,0.003249
300,2020/3/30,3674.111,-0.00969
300,2020/3/31,3686.155,0.003278
300,2020/4/1,3675.076,-0.003006
300,2020/4/2,3734.531,0.016178
300,2020/4/3,3713.218,-0.005707
300,2020/4/7,3798.021,0.022838
300,2020/4/8,3780.345,-0.004654
300,2020/4/9,3792.811,0.003298
300,2020/4/10,3769.178,-0.006231
300,2020/4/13,3753.257,-0.004224
300,2020/4/14,3825.699,0.019301
300,2020/4/15,3797.362,-0.007407
300,2020/4/16,3802.381,0.001322
300,2020/4/17,3839.487,0.009759
300,2020/4/20,3853.455,0.003638
300,2020/4/21,3808.047,-0.011784
300,2020/4/22,3839.383,0.008229
300,2020/4/23,3829.753,-0.002508
300,2020/4/24,3796.972,-0.00856
300,2020/4/27,3822.769,0.006794
300,2020/4/28,3849.146,0.0069
300,2020/4/29,3867.032,0.004647
300,2020/4/30,3912.577,0.011778
300,2020/5/6,3936.254,0.006052
300,2020/5/7,3924.895,-0.002886
300,2020/5/8,3963.622,0.009867
300,2020/5/11,3960.18,-0.000868
300,2020/5/12,3960.238,0.000015
300,2020/5/13,3968.253,0.002024
300,2020/5/14,3925.218,-0.010845
300,2020/5/15,3912.816,-0.00316
300,2020/5/18,3922.912,0.00258
300,2020/5/19,3956.249,0.008498
300,2020/5/20,3935.222,-0.005315
300,2020/5/21,3913.795,-0.005445
300,2020/5/22,3824.064,-0.022927
300,2020/5/25,3829.325,0.001376
300,2020/5/26,3872.77,0.011345
300,2020/5/27,3845.613,-0.007012
300,2020/5/28,3856.632,0.002865
300,2020/5/29,3867.023,0.002694
300,2020/6/1,3971.34,0.026976
300,2020/6/2,3983.568,0.003079
300,2020/6/3,3983.648,0.00002
300,2020/6/4,3982.185,-0.000367
300,2020/6/5,4001.251,0.004788
300,2020/6/8,4021.955,0.005174
300,2020/6/9,4047.029,0.006234
300,2020/6/10,4039.705,-0.00181
300,2020/6/11,3995.885,-0.010847
300,2020/6/12,4003.083,0.001801
300,2020/6/15,3954.988,-0.012014
300,2020/6/16,4014.57,0.015065
300,2020/6/17,4017.594,0.000753
300,2020/6/18,4044.384,0.006668
300,2020/6/19,4098.709,0.013432
300,2020/6/22,4102.046,0.000814
300,2020/6/23,4121.794,0.004814
300,2020/6/24,4138.989,0.004172
300,2020/6/29,4109.716,-0.007073
300,2020/6/30,4163.964,0.0132
300,2020/7/1,4247.783,0.02013
300,2020/7/2,4335.845,0.020731
300,2020/7/3,4419.596,0.019316
300,2020/7/6,4670.095,0.056679
300,2020/7/7,4698.126,0.006002
300,2020/7/8,4774.004,0.016151
300,2020/7/9,4840.771,0.013986
300,2020/7/10,4753.133,-0.018104
300,2020/7/13,4852.961,0.021003
300,2020/7/14,4806.69,-0.009535
300,2020/7/15,4744.469,-0.012945
300,2020/7/16,4516.253,-0.048101
300,2020/7/17,4544.701,0.006299
300,2020/7/20,4680.305,0.029838
300,2020/7/21,4691.042,0.002294
300,2020/7/22,4714.445,0.004989
300,2020/7/23,4712.436,-0.000426
300,2020/7/24,4505.591,-0.043893
300,2020/7/27,4528.45,0.005073
300,2020/7/28,4568.258,0.008791
300,2020/7/29,4679.008,0.024243
300,2020/7/30,4656.151,-0.004885
300,2020/7/31,4695.046,0.008353
300,2020/8/3,4771.311,0.016244
300,2020/8/4,4775.802,0.000941
300,2020/8/5,4777.109,0.000274
300,2020/8/6,4762.764,-0.003003
300,2020/8/7,4707.926,-0.011514
300,2020/8/10,4724.87,0.003599
300,2020/8/11,4681.784,-0.009119
300,2020/8/12,4647.645,-0.007292
300,2020/8/13,4635.713,-0.002567
300,2020/8/14,4704.629,0.014866
300,2020/8/17,4815.226,0.023508
300,2020/8/18,4812.756,-0.000513
300,2020/8/19,4740.678,-0.014976
300,2020/8/20,4679.154,-0.012978
300,2020/8/21,4718.843,0.008482
300,2020/8/24,4755.849,0.007842
300,2020/8/25,4761.951,0.001283
300,2020/8/26,4706.13,-0.011722
300,2020/8/27,4731.345,0.005358
300,2020/8/28,4844.265,0.023866
300,2020/8/31,4816.215,-0.00579
300,2020/9/1,4842.122,0.005379
300,2020/9/2,4843.887,0.000365
300,2020/9/3,4817.095,-0.005531
300,2020/9/4,4770.219,-0.009731
300,2020/9/7,4669.368,-0.021142
300,2020/9/8,4694.389,0.005359
300,2020/9/9,4584.589,-0.02339
300,2020/9/10,4581.977,-0.00057
300,2020/9/11,4627.283,0.009888
300,2020/9/14,4651.051,0.005136
300,2020/9/15,4688.483,0.008048
300,2020/9/16,4657.358,-0.006639
300,2020/9/17,4632.714,-0.005291
300,2020/9/18,4737.089,0.02253
300,2020/9/21,4691.428,-0.009639
300,2020/9/22,4635.761,-0.011866
300,2020/9/23,4652.327,0.003574
300,2020/9/24,4563.066,-0.019186
300,2020/9/25,4570.022,0.001524
300,2020/9/28,4581.908,0.002601
300,2020/9/29,4591.799,0.002159
300,2020/9/30,4587.395,-0.000959
300,2020/10/9,4681.141,0.020436
300,2020/10/12,4823.158,0.030338
300,2020/10/13,4839.201,0.003326
300,2020/10/14,4807.102,-0.006633
300,2020/10/15,4798.736,-0.00174
300,2020/10/16,4791.676,-0.001471
300,2020/10/19,4755.488,-0.007552
300,2020/10/20,4793.467,0.007986
300,2020/10/21,4792.828,-0.000133
300,2020/10/22,4777.984,-0.003097
300,2020/10/23,4718.488,-0.012452
300,2020/10/26,4691.236,-0.005776
300,2020/10/27,4699.279,0.001714
300,2020/10/28,4737.272,0.008085
300,2020/10/29,4772.92,0.007525
300,2020/10/30,4695.334,-0.016255
300,2020/11/2,4720.831,0.00543
300,2020/11/3,4777.561,0.012017
300,2020/11/4,4813.656,0.007555
300,2020/11/5,4885.112,0.014844
300,2020/11/6,4885.718,0.000124
300,2020/11/9,4981.35,0.019574
300,2020/11/10,4953.876,-0.005515
300,2020/11/11,4904.898,-0.009887
300,2020/11/12,4908.463,0.000727
300,2020/11/13,4856.851,-0.010515
300,2020/11/16,4904.172,0.009743
300,2020/11/17,4894.786,-0.001914
300,2020/11/18,4891.672,-0.000636
300,2020/11/19,4927.989,0.007424
300,2020/11/20,4943.288,0.003105
300,2020/11/23,5005.027,0.012489
300,2020/11/24,4974.285,-0.006142
300,2020/11/25,4910.7,-0.012783
300,2020/11/26,4919.591,0.001811
300,2020/11/27,4980.765,0.012435
300,2020/11/30,4960.252,-0.004118
300,2020/12/1,5067.098,0.02154
300,2020/12/2,5067.145,0.000009
300,2020/12/3,5057.06,-0.00199
300,2020/12/4,5065.916,0.001751
300,2020/12/7,5022.235,-0.008623
300,2020/12/8,5009.879,-0.00246
300,2020/12/9,4942.699,-0.01341
300,2020/12/10,4940.525,-0.00044
300,2020/12/11,4889.629,-0.010302
300,2020/12/14,4934.835,0.009245
300,2020/12/15,4945.1,0.00208
300,2020/12/16,4953.867,0.001773
300,2020/12/17,5017.478,0.012841
300,2020/12/18,4999.968,-0.00349
300,2020/12/21,5046.84,0.009374
300,2020/12/22,4964.773,-0.016261
300,2020/12/23,5007.123,0.00853
300,2020/12/24,5000.015,-0.00142
300,2020/12/25,5042.014,0.0084
300,2020/12/28,5064.415,0.004443
300,2020/12/29,5042.936,-0.004241
300,2020/12/30,5113.711,0.014034
300,2020/12/31,5211.288,0.019081
300,2021/1/4,5267.718,0.010828
300,2021/1/5,5368.505,0.019133
300,2021/1/6,5417.668,0.009158
300,2021/1/7,5513.657,0.017718
300,2021/1/8,5495.431,-0.003306
300,2021/1/11,5441.158,-0.009876
300,2021/1/12,5596.352,0.028522
300,2021/1/13,5577.971,-0.003284
300,2021/1/14,5470.456,-0.019275
300,2021/1/15,5458.081,-0.002262
300,2021/1/18,5518.52,0.011073
300,2021/1/19,5437.523,-0.014677
300,2021/1/20,5476.434,0.007156
300,2021/1/21,5564.969,0.016167
300,2021/1/22,5569.776,0.000864
300,2021/1/25,5625.923,0.010081
300,2021/1/26,5512.968,-0.020078
300,2021/1/27,5528.003,0.002727
300,2021/1/28,5377.143,-0.02729
300,2021/1/29,5351.965,-0.004682
300,2021/2/1,5417.648,0.012273
300,2021/2/2,5501.092,0.015402
300,2021/2/3,5485.201,-0.002889
300,2021/2/4,5473.948,-0.002052
300,2021/2/5,5483.414,0.001729
300,2021/2/8,5564.562,0.014799
300,2021/2/9,5686.25,0.021868
300,2021/2/10,5807.719,0.021362
300,2021/2/18,5768.381,-0.006773
300,2021/2/19,5778.842,0.001814
300,2021/2/22,5597.333,-0.031409
300,2021/2/23,5579.668,-0.003156
300,2021/2/24,5437.568,-0.025467
300,2021/2/25,5469.558,0.005883
300,2021/2/26,5336.761,-0.024279
300,2021/3/1,5418.784,0.015369
300,2021/3/2,5349.63,-0.012762
300,2021/3/3,5452.212,0.019176
300,2021/3/4,5280.706,-0.031456
300,2021/3/5,5262.796,-0.003392
300,2021/3/8,5080.025,-0.034729
300,2021/3/9,4970.999,-0.021462
300,2021/3/10,5003.612,0.006561
300,2021/3/11,5128.216,0.024903
300,2021/3/12,5146.379,0.003542
300,2021/3/15,5035.544,-0.021537
300,2021/3/16,5079.362,0.008702
300,2021/3/17,5100.858,0.004232
300,2021/3/18,5141.768,0.00802
300,2021/3/19,5007.091,-0.026193
300,2021/3/22,5057.152,0.009998
300,2021/3/23,5009.246,-0.009473
300,2021/3/24,4928.685,-0.016082
300,2021/3/25,4926.347,-0.000474
300,2021/3/26,5037.99,0.022662
300,2021/3/29,5046.877,0.001764
300,2021/3/30,5094.729,0.009482
300,2021/3/31,5048.361,-0.009101
300,2021/4/1,5110.777,0.012364
300,2021/4/2,5161.557,0.009936
300,2021/4/6,5140.342,-0.00411
300,2021/4/7,5103.743,-0.00712
300,2021/4/8,5112.209,0.001659
300,2021/4/9,5035.337,-0.015037
300,2021/4/12,4947.746,-0.017395
300,2021/4/13,4939.644,-0.001638
300,2021/4/14,4980.628,0.008297
300,2021/4/15,4948.974,-0.006355
300,2021/4/16,4966.181,0.003477
300,2021/4/19,5087.016,0.024332
300,2021/4/20,5083.365,-0.000718
300,2021/4/21,5098.745,0.003026
300,2021/4/22,5089.243,-0.001864
300,2021/4/23,5135.453,0.00908
300,2021/4/26,5077.237,-0.011336
300,2021/4/27,5090.52,0.002616
300,2021/4/28,5119.242,0.005642
300,2021/4/29,5164.169,0.008776
300,2021/4/30,5123.489,-0.007877
300,2021/5/6,5061.124,-0.012172
300,2021/5/7,4996.053,-0.012857
300,2021/5/10,4992.422,-0.000727
300,2021/5/11,5023.06,0.006137
300,2021/5/12,5044.548,0.004278
300,2021/5/13,4992.974,-0.010224
300,2021/5/14,5110.59,0.023556
300,2021/5/17,5184.985,0.014557
300,2021/5/18,5187.601,0.000505
300,2021/5/19,5172.272,-0.002955
300,2021/5/20,5186.412,0.002734
300,2021/5/21,5134.148,-0.010077
300,2021/5/24,5155.587,0.004176
300,2021/5/25,5318.478,0.031595
300,2021/5/26,5320.593,0.000398
300,2021/5/27,5338.233,0.003315
300,2021/5/28,5321.089,-0.003212
300,2021/5/31,5331.57,0.00197
300,2021/6/1,5341.68,0.001896
300,2021/6/2,5289.974,-0.00968
300,2021/6/3,5255.285,-0.006557
300,2021/6/4,5282.277,0.005136
300,2021/6/7,5277.627,-0.00088
300,2021/6/8,5232.117,-0.008623
300,2021/6/9,5236.449,0.000828
300,2021/6/10,5271.466,0.006687
300,2021/6/11,5224.703,-0.008871
300,2021/6/15,5166.56,-0.011128
300,2021/6/16,5080.491,-0.016659
300,2021/6/17,5101.892,0.004212
300,2021/6/18,5102.466,0.000113
300,2021/6/21,5090.385,-0.002368
300,2021/6/22,5122.158,0.006242
300,2021/6/23,5147.394,0.004927
300,2021/6/24,5155.974,0.001667
300,2021/6/25,5239.968,0.016291
300,2021/6/28,5251.76,0.00225
300,2021/6/29,5190.544,-0.011656
300,2021/6/30,5224.041,0.006453
300,2021/7/1,5229.664,0.001076
300,2021/7/2,5081.117,-0.028405
300,2021/7/5,5085.792,0.00092
300,2021/7/6,5083.104,-0.000529
300,2021/7/7,5140.49,0.01129
300,2021/7/8,5088.257,-0.010161
300,2021/7/9,5069.436,-0.003699
300,2021/7/12,5132.709,0.012481
300,2021/7/13,5142.099,0.001829
300,2021/7/14,5083.085,-0.011477
300,2021/7/15,5151.463,0.013452
300,2021/7/16,5094.773,-0.011005
300,2021/7/19,5113.494,0.003675
300,2021/7/20,5108.994,-0.00088
300,2021/7/21,5144.043,0.00686
300,2021/7/22,5151.752,0.001499
300,2021/7/23,5089.228,-0.012136
300,2021/7/26,4925.299,-0.032211
300,2021/7/27,4751.313,-0.035325
300,2021/7/28,4760.483,0.00193
300,2021/7/29,4850.275,0.018862
300,2021/7/30,4811.169,-0.008063
300,2021/8/2,4933.736,0.025476
300,2021/8/3,4934.458,0.000146
300,2021/8/4,4978.848,0.008996
300,2021/8/5,4948.67,-0.006061
300,2021/8/6,4921.565,-0.005477
300,2021/8/9,4985.563,0.013004
300,2021/8/10,5043.148,0.01155
300,2021/8/11,5015.341,-0.005514
300,2021/8/12,4973.351,-0.008372
300,2021/8/13,4945.983,-0.005503
300,2021/8/16,4941.068,-0.000994
300,2021/8/17,4837.403,-0.02098
300,2021/8/18,4894.238,0.011749
300,2021/8/19,4862.139,-0.006559
300,2021/8/20,4769.268,-0.019101
300,2021/8/23,4835.878,0.013967
300,2021/8/24,4888.39,0.010859
300,2021/8/25,4898.157,0.001998
300,2021/8/26,4801.609,-0.019711
300,2021/8/27,4827.043,0.005297
300,2021/8/30,4813.27,-0.002853
300,2021/8/31,4805.61,-0.001591
300,2021/9/1,4869.459,0.013286
300,2021/9/2,4869.411,-0.00001
300,2021/9/3,4843.062,-0.005411
300,2021/9/6,4933.726,0.01872
300,2021/9/7,4992.829,0.011979
300,2021/9/8,4972.132,-0.004145
300,2021/9/9,4970.013,-0.000426
300,2021/9/10,5013.522,0.008754
300,2021/9/13,4991.66,-0.004361
300,2021/9/14,4917.162,-0.014924
300,2021/9/15,4867.319,-0.010137
300,2021/9/16,4807.698,-0.012249
300,2021/9/17,4855.94,0.010034
300,2021/9/22,4821.767,-0.007037
300,2021/9/23,4853.196,0.006518
300,2021/9/24,4849.428,-0.000776
300,2021/9/27,4877.37,0.005762
300,2021/9/28,4883.828,0.001324
300,2021/9/29,4833.928,-0.010217
300,2021/9/30,4866.383,0.006714
300,2021/10/8,4929.941,0.013061
300,2021/10/11,4936.192,0.001268
300,2021/10/12,4883.837,-0.010606
300,2021/10/13,4940.109,0.011522
300,2021/10/14,4913.612,-0.005364
300,2021/10/15,4932.108,0.003764
300,2021/10/18,4874.775,-0.011624
300,2021/10/19,4922.723,0.009836
300,2021/10/20,4910.185,-0.002547
300,2021/10/21,4928.016,0.003631
300,2021/10/22,4959.725,0.006434
300,2021/10/25,4979.524,0.003992
300,2021/10/26,4963.098,-0.003299
300,2021/10/27,4898.164,-0.013083
300,2021/10/28,4864.138,-0.006947
300,2021/10/29,4908.77,0.009176
300,2021/11/1,4890.685,-0.003684
300,2021/11/2,4839.846,-0.010395
300,2021/11/3,4821.112,-0.003871
300,2021/11/4,4868.742,0.009879
300,2021/11/5,4842.346,-0.005422
300,2021/11/8,4848.18,0.001205
300,2021/11/9,4846.744,-0.000296
300,2021/11/10,4821.193,-0.005272
300,2021/11/11,4898.653,0.016067
300,2021/11/12,4888.375,-0.002098
300,2021/11/15,4882.378,-0.001227
300,2021/11/16,4883.321,0.000193
300,2021/11/17,4885.754,0.000498
300,2021/11/18,4837.619,-0.009852
300,2021/11/19,4890.058,0.01084
300,2021/11/22,4912.399,0.004569
300,2021/11/23,4913.346,0.000193
300,2021/11/24,4916.658,0.000674
300,2021/11/25,4896.442,-0.004112
300,2021/11/26,4860.127,-0.007417
300,2021/11/29,4851.423,-0.001791
300,2021/11/30,4832.026,-0.003998
300,2021/12/1,4843.851,0.002447
300,2021/12/2,4856.163,0.002542
300,2021/12/3,4901.018,0.009237
300,2021/12/6,4892.621,-0.001713
300,2021/12/7,4922.102,0.006026
300,2021/12/8,4995.93,0.014999
300,2021/12/9,5078.69,0.016565
300,2021/12/10,5055.117,-0.004642
300,2021/12/13,5083.801,0.005674
300,2021/12/14,5049.695,-0.006709
300,2021/12/15,5005.899,-0.008673
300,2021/12/16,5034.732,0.00576
300,2021/12/17,4954.76,-0.015884
300,2021/12/20,4880.418,-0.015004
300,2021/12/21,4913.485,0.006775
300,2021/12/22,4914.454,0.000197
300,2021/12/23,4948.739,0.006976
300,2021/12/24,4921.345,-0.005536
300,2021/12/27,4919.324,-0.000411
300,2021/12/28,4955.964,0.007448
300,2021/12/29,4883.48,-0.014626
300,2021/12/30,4921.511,0.007788
300,2021/12/31,4940.373,0.003833
300,2022/1/4,4917.765,-0.004576
300,2022/1/5,4868.12,-0.010095
300,2022/1/6,4818.232,-0.010248
300,2022/1/7,4822.369,0.000859
300,2022/1/10,4844.045,0.004495
300,2022/1/11,4797.774,-0.009552
300,2022/1/12,4845.579,0.009964
300,2022/1/13,4765.919,-0.01644
300,2022/1/14,4726.732,-0.008222
300,2022/1/17,4767.276,0.008578
300,2022/1/18,4813.347,0.009664
300,2022/1/19,4780.378,-0.006849
300,2022/1/20,4823.509,0.009023
300,2022/1/21,4779.314,-0.009162
300,2022/1/24,4786.738,0.001553
300,2022/1/25,4678.451,-0.022622
300,2022/1/26,4712.311,0.007237
300,2022/1/27,4619.877,-0.019615
300,2022/1/28,4563.772,-0.012144
300,2022/2/7,4634.09,0.015408
300,2022/2/8,4608.773,-0.005463
300,2022/2/9,4652.061,0.009393
300,2022/2/10,4639.863,-0.002622
300,2022/2/11,4601.395,-0.008291
300,2022/2/14,4551.688,-0.010803
300,2022/2/15,4600.103,0.010637
300,2022/2/16,4617.989,0.003888
300,2022/2/17,4629.165,0.00242
300,2022/2/18,4651.236,0.004768
300,2022/2/21,4634.314,-0.003638
300,2022/2/22,4574.153,-0.012982
300,2022/2/23,4623.047,0.010689
300,2022/2/24,4529.319,-0.020274
300,2022/2/25,4573.425,0.009738
300,2022/2/28,4581.646,0.001798
300,2022/3/1,4619.686,0.008303
300,2022/3/2,4578.601,-0.008893
300,2022/3/3,4551.628,-0.005891
300,2022/3/4,4496.43,-0.012127
300,2022/3/7,4352.778,-0.031948
300,2022/3/8,4265.391,-0.020076
300,2022/3/9,4226.346,-0.009154
300,2022/3/10,4292.837,0.015733
300,2022/3/11,4306.522,0.003188
300,2022/3/14,4174.758,-0.030596
300,2022/3/15,3983.812,-0.045738
300,2022/3/16,4156.081,0.043242
300,2022/3/17,4237.696,0.019637
300,2022/3/18,4265.902,0.006656
300,2022/3/21,4258.746,-0.001677
300,2022/3/22,4255.295,-0.00081
300,2022/3/23,4276.517,0.004987
300,2022/3/24,4251.306,-0.005895
300,2022/3/25,4174.574,-0.018049
300,2022/3/28,4148.466,-0.006254
300,2022/3/29,4134.144,-0.003452
300,2022/3/30,4254.099,0.029016
300,2022/3/31,4222.597,-0.007405
300,2022/4/1,4276.158,0.012684
300,2022/4/6,4263.841,-0.00288
300,2022/4/7,4209.1,-0.012838
300,2022/4/8,4230.767,0.005148
300,2022/4/11,4100.07,-0.030892
300,2022/4/12,4179.973,0.019488
300,2022/4/13,4139.737,-0.009626
300,2022/4/14,4191.568,0.01252
300,2022/4/15,4188.747,-0.000673
300,2022/4/18,4166.384,-0.005339
300,2022/4/19,4134.902,-0.007556
300,2022/4/20,4070.789,-0.015505
300,2022/4/21,3995.83,-0.018414
300,2022/4/22,4013.25,0.00436
300,2022/4/25,3814.913,-0.049421
300,2022/4/26,3784.12,-0.008072
300,2022/4/27,3895.536,0.029443
300,2022/4/28,3921.107,0.006564
300,2022/4/29,4016.241,0.024262
300,2022/5/5,4010.21,-0.001502
300,2022/5/6,3908.815,-0.025284
300,2022/5/9,3877.436,-0.008028
300,2022/5/10,3919.868,0.010943
300,2022/5/11,3976.423,0.014428
300,2022/5/12,3958.74,-0.004447
300,2022/5/13,3988.6,0.007543
300,2022/5/16,3956.538,-0.008038
300,2022/5/17,4005.893,0.012474
300,2022/5/18,3991.907,-0.003491
300,2022/5/19,3999.598,0.001927
300,2022/5/20,4077.6,0.019502
300,2022/5/23,4053.982,-0.005792
300,2022/5/24,3959.154,-0.023391
300,2022/5/25,3983.178,0.006068
300,2022/5/26,3993.045,0.002477
300,2022/5/27,4001.299,0.002067
300,2022/5/30,4029.018,0.006928
300,2022/5/31,4091.518,0.015512
300,2022/6/1,4083.177,-0.002039
300,2022/6/2,4089.568,0.001565
300,2022/6/6,4166.085,0.01871
300,2022/6/7,4179.129,0.003131
300,2022/6/8,4219.812,0.009735
300,2022/6/9,4175.675,-0.010459
300,2022/6/10,4238.994,0.015164
300,2022/6/13,4189.353,-0.011711
300,2022/6/14,4222.311,0.007867
300,2022/6/15,4278.218,0.013241
300,2022/6/16,4250.061,-0.006581
300,2022/6/17,4309.044,0.013878
300,2022/6/20,4330.433,0.004964
300,2022/6/21,4325.566,-0.001124
300,2022/6/22,4270.623,-0.012702
300,2022/6/23,4343.878,0.017153
300,2022/6/24,4394.772,0.011716
300,2022/6/27,4444.264,0.011262
300,2022/6/28,4490.517,0.010407
300,2022/6/29,4421.357,-0.015401
300,2022/6/30,4485.011,0.014397
300,2022/7/1,4466.718,-0.004079
300,2022/7/4,4496.03,0.006562
300,2022/7/5,4489.538,-0.001444
300,2022/7/6,4423.97,-0.014605
300,2022/7/7,4443.474,0.004409
300,2022/7/8,4428.781,-0.003307
300,2022/7/11,4354.617,-0.016746
300,2022/7/12,4313.618,-0.009415
300,2022/7/13,4321.462,0.001818
300,2022/7/14,4322.074,0.000142
300,2022/7/15,4248.527,-0.017017
300,2022/7/18,4292.586,0.01037
300,2022/7/19,4269.34,-0.005415
300,2022/7/20,4283.803,0.003388
300,2022/7/21,4236.058,-0.011145
300,2022/7/22,4238.234,0.000514
300,2022/7/25,4212.644,-0.006038
300,2022/7/26,4245.976,0.007912
300,2022/7/27,4225.036,-0.004932
300,2022/7/28,4225.673,0.000151
300,2022/7/29,4170.102,-0.013151
300,2022/8/1,4188.678,0.004455
300,2022/8/2,4107.024,-0.019494
300,2022/8/3,4066.975,-0.009751
300,2022/8/4,4101.537,0.008498
300,2022/8/5,4156.911,0.013501
300,2022/8/8,4148.075,-0.002126
300,2022/8/9,4156.291,0.001981
300,2022/8/10,4109.737,-0.011201
300,2022/8/11,4193.543,0.020392
300,2022/8/12,4191.152,-0.00057
300,2022/8/15,4185.679,-0.001306
300,2022/8/16,4177.837,-0.001874
300,2022/8/17,4216.959,0.009364
300,2022/8/18,4180.1,-0.008741
300,2022/8/19,4151.074,-0.006944
300,2022/8/22,4181.397,0.007305
300,2022/8/23,4161.082,-0.004858
300,2022/8/24,4082.42,-0.018904
300,2022/8/25,4116.24,0.008284
300,2022/8/26,4107.546,-0.002112
300,2022/8/29,4089.521,-0.004388
300,2022/8/30,4075.794,-0.003357
300,2022/8/31,4078.84,0.000747
300,2022/9/1,4043.74,-0.008605
300,2022/9/2,4023.613,-0.004977
300,2022/9/5,4015.426,-0.002035
300,2022/9/6,4052.28,0.009178
300,2022/9/7,4054.983,0.000667
300,2022/9/8,4037.684,-0.004266
300,2022/9/9,4093.787,0.013895
300,2022/9/13,4111.115,0.004233
300,2022/9/14,4065.359,-0.01113
300,2022/9/15,4027.119,-0.009406
300,2022/9/16,3932.683,-0.02345
300,2022/9/19,3928,-0.001191
300,2022/9/20,3932.836,0.001231
300,2022/9/21,3903.735,-0.007399
300,2022/9/22,3869.344,-0.00881
300,2022/9/23,3856.021,-0.003443
300,2022/9/26,3836.677,-0.005017
300,2022/9/27,3892.295,0.014496
300,2022/9/28,3828.71,-0.016336
300,2022/9/29,3827.143,-0.000409
300,2022/9/30,3804.885,-0.005816
300,2022/10/10,3720.937,-0.022063
300,2022/10/11,3727.687,0.001814
300,2022/10/12,3784.306,0.015189
300,2022/10/13,3752.673,-0.008359
300,2022/10/14,3842.47,0.023929
300,2022/10/17,3846.412,0.001026
300,2022/10/18,3838.267,-0.002118
300,2022/10/19,3776.534,-0.016084
300,2022/10/20,3754.927,-0.005721
300,2022/10/21,3742.893,-0.003205
300,2022/10/24,3633.373,-0.029261
300,2022/10/25,3627.454,-0.001629
300,2022/10/26,3656.903,0.008118
300,2022/10/27,3631.145,-0.007044
300,2022/10/28,3541.33,-0.024735
300,2022/10/31,3508.703,-0.009213
300,2022/11/1,3634.173,0.03576
300,2022/11/2,3677.805,0.012006
300,2022/11/3,3647.897,-0.008132
300,2022/11/4,3767.175,0.032698
300,2022/11/7,3775.297,0.002156
300,2022/11/8,3749.325,-0.006879
300,2022/11/9,3714.27,-0.00935
300,2022/11/10,3685.689,-0.007695
300,2022/11/11,3788.439,0.027878
300,2022/11/14,3794.017,0.001472
300,2022/11/15,3865.973,0.018966
300,2022/11/16,3834.39,-0.008169
300,2022/11/17,3818.664,-0.004101
300,2022/11/18,3801.569,-0.004477
300,2022/11/21,3769.127,-0.008534
300,2022/11/22,3769.573,0.000118
300,2022/11/23,3773.529,0.001049
300,2022/11/24,3756.808,-0.004431
300,2022/11/25,3775.776,0.005049
300,2022/11/28,3733.242,-0.011265
300,2022/11/29,3848.422,0.030853
300,2022/11/30,3853.037,0.001199
300,2022/12/1,3894.769,0.010831
300,2022/12/2,3870.948,-0.006116
300,2022/12/5,3946.876,0.019615
300,2022/12/6,3968.198,0.005402
300,2022/12/7,3958.441,-0.002459
300,2022/12/8,3959.18,0.000187
300,2022/12/9,3998.244,0.009867
300,2022/12/12,3953.443,-0.011205
300,2022/12/13,3945.681,-0.001963
300,2022/12/14,3954.886,0.002333
300,2022/12/15,3951.989,-0.000733
300,2022/12/16,3954.227,0.000566
300,2022/12/19,3893.221,-0.015428
300,2022/12/20,3829.017,-0.016491
300,2022/12/21,3830.538,0.000397
300,2022/12/22,3836.028,0.001433
300,2022/12/23,3828.219,-0.002036
300,2022/12/26,3843.489,0.003989
300,2022/12/27,3887.854,0.011543
300,2022/12/28,3871.264,-0.004267
300,2022/12/29,3856.701,-0.003762
300,2022/12/30,3871.634,0.003872
300,2023/1/3,3887.899,0.004201
300,2023/1/4,3892.948,0.001299
300,2023/1/5,3968.578,0.019427
300,2023/1/6,3980.889,0.003102
300,2023/1/9,4013.12,0.008096
300,2023/1/10,4017.474,0.001085
300,2023/1/11,4010.031,-0.001853
300,2023/1/12,4017.869,0.001955
300,2023/1/13,4074.377,0.014064
300,2023/1/16,4137.964,0.015607
300,2023/1/17,4137.242,-0.000174
300,2023/1/18,4130.314,-0.001675
300,2023/1/19,4156.008,0.006221
300,2023/1/20,4181.527,0.00614
300,2023/1/30,4201.345,0.004739
300,2023/1/31,4156.858,-0.010589
300,2023/2/1,4195.933,0.0094
300,2023/2/2,4181.149,-0.003523
300,2023/2/3,4141.632,-0.009451
300,2023/2/6,4086.878,-0.01322
300,2023/2/7,4094.234,0.0018
300,2023/2/8,4076.141,-0.004419
300,2023/2/9,4130.857,0.013423
300,2023/2/10,4106.31,-0.005942
300,2023/2/13,4143.574,0.009075
300,2023/2/14,4145.29,0.000414
300,2023/2/15,4123.689,-0.005211
300,2023/2/16,4093.488,-0.007324
300,2023/2/17,4034.507,-0.014408
300,2023/2/20,4133.49,0.024534
300,2023/2/21,4144.354,0.002628
300,2023/2/22,4106.951,-0.009025
300,2023/2/23,4103.646,-0.000805
300,2023/2/24,4061.046,-0.010381
300,2023/2/27,4043.844,-0.004236
300,2023/2/28,4069.459,0.006334
300,2023/3/1,4126.942,0.014125
300,2023/3/2,4117.738,-0.00223
300,2023/3/3,4130.551,0.003112
300,2023/3/6,4109.01,-0.005215
300,2023/3/7,4048.852,-0.014641
300,2023/3/8,4034.108,-0.003642
300,2023/3/9,4019.851,-0.003534
300,2023/3/10,3967.135,-0.013114
300,2023/3/13,4008.686,0.010474
300,2023/3/14,3984.696,-0.005985
300,2023/3/15,3986.902,0.000554
300,2023/3/16,3939.151,-0.011977
300,2023/3/17,3958.819,0.004993
300,2023/3/20,3939.077,-0.004987
300,2023/3/21,3982.378,0.010993
300,2023/3/22,3999.443,0.004285
300,2023/3/23,4039.09,0.009913
300,2023/3/24,4027.046,-0.002982
300,2023/3/27,4012.477,-0.003618
300,2023/3/28,3999.515,-0.00323
300,2023/3/29,4006.144,0.001657
300,2023/3/30,4038.526,0.008083
300,2023/3/31,4050.926,0.00307
300,2023/4/3,4090.568,0.009786
300,2023/4/4,4103.105,0.003065
300,2023/4/6,4096.64,-0.001576
300,2023/4/7,4123.28,0.006503
300,2023/4/10,4104.812,-0.004479
300,2023/4/11,4100.148,-0.001136
300,2023/4/12,4097.288,-0.000698
300,2023/4/13,4068.979,-0.006909
300,2023/4/14,4091.999,0.005657
300,2023/4/17,4149.384,0.014024
300,2023/4/18,4162.032,0.003048
300,2023/4/19,4124.559,-0.009004
300,2023/4/20,4113.019,-0.002798
300,2023/4/21,4032.567,-0.01956
300,2023/4/24,3982.643,-0.01238
300,2023/4/25,3962.666,-0.005016
300,2023/4/26,3959.232,-0.000867
300,2023/4/27,3988.419,0.007372
300,2023/4/28,4029.086,0.010196
300,2023/5/4,4030.247,0.000288
300,2023/5/5,4016.877,-0.003317
300,2023/5/8,4062.662,0.011398
300,2023/5/9,4027.875,-0.008563
300,2023/5/10,3996.87,-0.007698
300,2023/5/11,3990.664,-0.001553
300,2023/5/12,3937.762,-0.013256
300,2023/5/15,3998.887,0.015523
300,2023/5/16,3978.205,-0.005172
300,2023/5/17,3960.165,-0.004535
300,2023/5/18,3956.07,-0.001034
300,2023/5/19,3944.54,-0.002915
300,2023/5/22,3969.328,0.006284
300,2023/5/23,3913.188,-0.014143
300,2023/5/24,3859.094,-0.013824
300,2023/5/25,3850.5,-0.002227
300,2023/5/26,3850.951,0.000117
300,2023/5/29,3833.942,-0.004417
300,2023/5/30,3837.753,0.000994
300,2023/5/31,3798.543,-0.010217
300,2023/6/1,3806.868,0.002192
300,2023/6/2,3861.834,0.014439
300,2023/6/5,3844.249,-0.004554
300,2023/6/6,3808.163,-0.009387
300,2023/6/7,3789.342,-0.004942
300,2023/6/8,3820.187,0.00814
300,2023/6/9,3836.703,0.004323
300,2023/6/12,3844.432,0.002014
300,2023/6/13,3864.907,0.005326
300,2023/6/14,3864.025,-0.000228
300,2023/6/15,3925.499,0.015909
300,2023/6/16,3963.351,0.009643
300,2023/6/19,3930.908,-0.008186
300,2023/6/20,3924.238,-0.001697
300,2023/6/21,3864.032,-0.015342
300,2023/6/26,3809.696,-0.014062
300,2023/6/27,3845.433,0.009381
300,2023/6/28,3840.799,-0.001205
300,2023/6/29,3821.844,-0.004935
300,2023/6/30,3842.452,0.005392
300,2023/7/3,3892.882,0.013124
300,2023/7/4,3899.013,0.001575
300,2023/7/5,3868.805,-0.007748
300,2023/7/6,3842.755,-0.006733
300,2023/7/7,3825.699,-0.004438
300,2023/7/10,3844.327,0.004869
300,2023/7/11,3869.486,0.006544
300,2023/7/12,3843.437,-0.006732
300,2023/7/13,3898.423,0.014306
300,2023/7/14,3899.103,0.000174
300,2023/7/17,3867.175,-0.008189
300,2023/7/18,3854.939,-0.003164
300,2023/7/19,3850.866,-0.001057
300,2023/7/20,3823.695,-0.007056
300,2023/7/21,3821.91,-0.000467
300,2023/7/24,3805.221,-0.004367
300,2023/7/25,3915.115,0.02888
300,2023/7/26,3907.013,-0.002069
300,2023/7/27,3902.346,-0.001195
300,2023/7/28,3992.738,0.023164
300,2023/7/31,4014.63,0.005483
300,2023/8/1,3998.001,-0.004142
300,2023/8/2,3969.895,-0.00703
300,2023/8/3,4004.984,0.008839
300,2023/8/4,4020.579,0.003894
300,2023/8/7,3990.153,-0.007568
300,2023/8/8,3979.732,-0.002612
300,2023/8/9,3967.565,-0.003057
300,2023/8/10,3975.717,0.002055
300,2023/8/11,3884.254,-0.023005
300,2023/8/14,3855.906,-0.007298
300,2023/8/15,3846.536,-0.00243
300,2023/8/16,3818.334,-0.007332
300,2023/8/17,3831.101,0.003344
300,2023/8/18,3784.004,-0.012293
300,2023/8/21,3729.555,-0.014389
300,2023/8/22,3758.227,0.007688
300,2023/8/23,3696.634,-0.016389
300,2023/8/24,3723.429,0.007248
300,2023/8/25,3709.152,-0.003834
300,2023/8/28,3752.619,0.011719
300,2023/8/29,3790.107,0.00999
300,2023/8/30,3788.51,-0.000421
300,2023/8/31,3765.268,-0.006135
300,2023/9/1,3791.491,0.006964
300,2023/9/4,3848.952,0.015155
300,2023/9/5,3820.317,-0.00744
300,2023/9/6,3812.028,-0.00217
300,2023/9/7,3758.475,-0.014048
300,2023/9/8,3739.993,-0.004917
300,2023/9/11,3767.537,0.007365
300,2023/9/12,3760.605,-0.00184
300,2023/9/13,3736.651,-0.00637
300,2023/9/14,3733.508,-0.000841
300,2023/9/15,3708.777,-0.006624
300,2023/9/18,3727.711,0.005105
300,2023/9/19,3720.502,-0.001934
300,2023/9/20,3705.69,-0.003981
300,2023/9/21,3672.445,-0.008971
300,2023/9/22,3738.933,0.018105
300,2023/9/25,3714.604,-0.006507
300,2023/9/26,3692.893,-0.005845
300,2023/9/27,3700.495,0.002059
300,2023/9/28,3689.517,-0.002967
300,2023/10/9,3684.727,-0.001298
300,2023/10/10,3657.126,-0.007491
300,2023/10/11,3667.548,0.00285
300,2023/10/12,3702.382,0.009498
300,2023/10/13,3663.41,-0.010526
300,2023/10/16,3626.597,-0.010049
300,2023/10/17,3639.402,0.003531
300,2023/10/18,3610.577,-0.00792
300,2023/10/19,3533.545,-0.021335
300,2023/10/20,3510.589,-0.006497
300,2023/10/23,3474.244,-0.010353
300,2023/10/24,3487.13,0.003709
300,2023/10/25,3504.458,0.004969
300,2023/10/26,3514.145,0.002764
300,2023/10/27,3562.385,0.013727
300,2023/10/30,3583.772,0.006004
300,2023/10/31,3572.506,-0.003144
300,2023/11/1,3571.027,-0.000414
300,2023/11/2,3554.189,-0.004715
300,2023/11/3,3584.136,0.008426
300,2023/11/6,3632.608,0.013524
300,2023/11/7,3619.759,-0.003537
300,2023/11/8,3611.072,-0.0024
300,2023/11/9,3612.826,0.000486
300,2023/11/10,3586.489,-0.00729
300,2023/11/13,3579.414,-0.001973
300,2023/11/14,3582.058,0.000739
300,2023/11/15,3607.245,0.007031
300,2023/11/16,3572.364,-0.00967
300,2023/11/17,3568.069,-0.001202
300,2023/11/20,3576.323,0.002313
300,2023/11/21,3581.067,0.001327
300,2023/11/22,3544.416,-0.010235
300,2023/11/23,3561.52,0.004826
300,2023/11/24,3538.009,-0.006601
300,2023/11/27,3511.942,-0.007368
300,2023/11/28,3518.523,0.001874
300,2023/11/29,3488.307,-0.008588
300,2023/11/30,3496.203,0.002264
300,2023/12/1,3482.881,-0.00381
300,2023/12/4,3460.138,-0.00653
300,2023/12/5,3394.257,-0.01904
300,2023/12/6,3399.598,0.001574
300,2023/12/7,3391.282,-0.002446
300,2023/12/8,3399.462,0.002412
300,2023/12/11,3419.455,0.005881
300,2023/12/12,3426.803,0.002149
300,2023/12/13,3369.605,-0.016691
300,2023/12/14,3351.964,-0.005235
300,2023/12/15,3341.552,-0.003106
300,2023/12/18,3329.366,-0.003647
300,2023/12/19,3334.041,0.001404
300,2023/12/20,3297.502,-0.010959
300,2023/12/21,3330.87,0.010119
300,2023/12/22,3337.228,0.001909
300,2023/12/25,3347.451,0.003063
300,2023/12/26,3324.79,-0.00677
300,2023/12/27,3336.357,0.003479
300,2023/12/28,3414.54,0.023434
300,2023/12/29,3431.11,0.004853
300,2024/1/2,3386.352,-0.013045
300,2024/1/3,3378.297,-0.002379
300,2024/1/4,3347.052,-0.009249
300,2024/1/5,3329.111,-0.00536
300,2024/1/8,3286.056,-0.012933
300,2024/1/9,3292.499,0.001961
300,2024/1/10,3277.129,-0.004668
300,2024/1/11,3295.672,0.005658
300,2024/1/12,3284.167,-0.003491
300,2024/1/15,3280.92,-0.000989
300,2024/1/16,3300.876,0.006082
300,2024/1/17,3229.082,-0.02175
300,2024/1/18,3274.729,0.014136
300,2024/1/19,3269.776,-0.001512
300,2024/1/22,3218.902,-0.015559
300,2024/1/23,3231.933,0.004048
300,2024/1/24,3277.109,0.013978
300,2024/1/25,3342.919,0.020082
300,2024/1/26,3333.821,-0.002722
300,2024/1/29,3303.96,-0.008957
300,2024/1/30,3245.039,-0.017833
300,2024/1/31,3215.352,-0.009148
300,2024/2/1,3217.711,0.000734
300,2024/2/2,3179.628,-0.011835
300,2024/2/5,3200.422,0.00654
300,2024/2/6,3311.692,0.034767
300,2024/2/7,3343.63,0.009644
300,2024/2/8,3364.93,0.00637
300,2024/2/19,3403.808,0.011554
300,2024/2/20,3410.854,0.00207
300,2024/2/21,3456.871,0.013491
300,2024/2/22,3486.675,0.008622
300,2024/2/23,3489.742,0.00088
300,2024/2/26,3453.359,-0.010426
300,2024/2/27,3494.787,0.011996
300,2024/2/28,3450.26,-0.012741
300,2024/2/29,3516.083,0.019078
300,2024/3/1,3537.804,0.006178
300,2024/3/4,3540.869,0.000866
300,2024/3/5,3565.514,0.00696
300,2024/3/6,3551.048,-0.004057
300,2024/3/7,3529.72,-0.006006
300,2024/3/8,3544.91,0.004303
300,2024/3/11,3589.264,0.012512
300,2024/3/12,3597.494,0.002293
300,2024/3/13,3572.361,-0.006986
300,2024/3/14,3562.223,-0.002838
300,2024/3/15,3569.993,0.002181
300,2024/3/18,3603.528,0.009394
300,2024/3/19,3577.63,-0.007187
300,2024/3/20,3585.384,0.002167
300,2024/3/21,3581.09,-0.001198
300,2024/3/22,3545.002,-0.010077
300,2024/3/25,3525.763,-0.005427
300,2024/3/26,3543.747,0.005101
300,2024/3/27,3502.787,-0.011558
300,2024/3/28,3520.965,0.00519
300,2024/3/29,3537.484,0.004692
300,2024/4/1,3595.647,0.016442
300,2024/4/2,3580.676,-0.004164
300,2024/4/3,3567.803,-0.003595
300,2024/4/8,3536.408,-0.0088
300,2024/4/9,3533.487,-0.000826
300,2024/4/10,3504.709,-0.008144
300,2024/4/11,3504.245,-0.000132
300,2024/4/12,3475.839,-0.008106
300,2024/4/15,3549.076,0.02107
300,2024/4/16,3511.115,-0.010696
300,2024/4/17,3565.403,0.015462
300,2024/4/18,3569.802,0.001234
300,2024/4/19,3541.662,-0.007883
300,2024/4/22,3530.905,-0.003037
300,2024/4/23,3506.225,-0.00699
300,2024/4/24,3521.622,0.004391
300,2024/4/25,3530.281,0.002459
300,2024/4/26,3584.269,0.015293
300,2024/4/29,3623.912,0.01106
300,2024/4/30,3604.394,-0.005386
300,2024/5/6,3657.877,0.014838
300,2024/5/7,3659.008,0.000309
300,2024/5/8,3630.223,-0.007867
300,2024/5/9,3664.561,0.009459
300,2024/5/10,3666.277,0.000468
300,2024/5/13,3664.691,-0.000433
300,2024/5/14,3657.045,-0.002086
300,2024/5/15,3626.056,-0.008474
300,2024/5/16,3640.359,0.003945
300,2024/5/17,3677.97,0.010332
300,2024/5/20,3690.962,0.003532
300,2024/5/21,3676.161,-0.00401
300,2024/5/22,3684.451,0.002255
300,2024/5/23,3641.792,-0.011578
300,2024/5/24,3601.475,-0.011071
300,2024/5/27,3635.708,0.009505
300,2024/5/28,3609.172,-0.007299
300,2024/5/29,3613.522,0.001205
300,2024/5/30,3594.312,-0.005316
300,2024/5/31,3579.925,-0.004003
300,2024/6/3,3588.748,0.002465
300,2024/6/4,3615.671,0.007502
300,2024/6/5,3594.794,-0.005774
300,2024/6/6,3592.245,-0.000709
300,2024/6/7,3574.114,-0.005047
300,2024/6/11,3542.877,-0.00874
300,2024/6/12,3544.123,0.000352
300,2024/6/13,3526.131,-0.005077
300,2024/6/14,3541.533,0.004368
300,2024/6/17,3536.199,-0.001506
300,2024/6/18,3545.59,0.002656
300,2024/6/19,3528.749,-0.00475
300,2024/6/20,3503.282,-0.007217
300,2024/6/21,3495.62,-0.002187
300,2024/6/24,3476.81,-0.005381
300,2024/6/25,3457.902,-0.005438
300,2024/6/26,3480.265,0.006467
300,2024/6/27,3454.118,-0.007513
300,2024/6/28,3461.657,0.002183
300,2024/7/1,3478.183,0.004774
300,2024/7/2,3471.786,-0.001839
300,2024/7/3,3463.414,-0.002411
300,2024/7/4,3445.813,-0.005082
300,2024/7/5,3431.061,-0.004281
300,2024/7/8,3401.76,-0.00854
300,2024/7/9,3439.811,0.011186
300,2024/7/10,3428.966,-0.003153
300,2024/7/11,3468.169,0.011433
300,2024/7/12,3472.401,0.00122
300,2024/7/15,3476.247,0.001108
300,2024/7/16,3498.283,0.006339
300,2024/7/17,3501.584,0.000944
300,2024/7/18,3520.931,0.005525
300,2024/7/19,3539.016,0.005136
300,2024/7/22,3514.925,-0.006807
300,2024/7/23,3439.878,-0.021351
300,2024/7/24,3418.166,-0.006312
300,2024/7/25,3399.272,-0.005528
300,2024/7/26,3409.293,0.002948
300,2024/7/29,3390.742,-0.005441
300,2024/7/30,3369.382,-0.0063
300,2024/7/31,3442.084,0.021577
300,2024/8/1,3419.267,-0.006629
300,2024/8/2,3384.392,-0.0102
300,2024/8/5,3343.321,-0.012135
300,2024/8/6,3342.979,-0.000102
300,2024/8/7,3341.489,-0.000446
300,2024/8/8,3342.937,0.000433
300,2024/8/9,3331.627,-0.003383
300,2024/8/12,3325.865,-0.001729
300,2024/8/13,3334.39,0.002563
300,2024/8/14,3309.239,-0.007543
300,2024/8/15,3341.953,0.009886
300,2024/8/16,3345.634,0.001101
300,2024/8/19,3356.968,0.003388
300,2024/8/20,3332.703,-0.007228
300,2024/8/21,3321.635,-0.003321
300,2024/8/22,3313.136,-0.002559
300,2024/8/23,3327.191,0.004242
300,2024/8/26,3324.223,-0.000892
300,2024/8/27,3305.334,-0.005682
300,2024/8/28,3286.496,-0.005699
300,2024/8/29,3277.681,-0.002682
300,2024/8/30,3321.432,0.013348
300,2024/9/2,3265.011,-0.016987
300,2024/9/3,3273.428,0.002578
300,2024/9/4,3252.165,-0.006496
300,2024/9/5,3257.758,0.00172
300,2024/9/6,3231.346,-0.008107
300,2024/9/9,3192.952,-0.011882
300,2024/9/10,3195.755,0.000878
300,2024/9/11,3186.13,-0.003012
300,2024/9/12,3172.475,-0.004286
300,2024/9/13,3159.247,-0.00417
300,2024/9/18,3171.01,0.003723
300,2024/9/19,3196.036,0.007892
300,2024/9/20,3201.05,0.001569
300,2024/9/23,3212.764,0.003659
300,2024/9/24,3351.909,0.04331
300,2024/9/25,3401.533,0.014805
300,2024/9/26,3545.32,0.042271
300,2024/9/27,3703.685,0.044669
300,2024/9/30,4017.855,0.084826
300,2024/10/8,4256.096,0.059296
300,2024/10/9,3955.984,-0.070513
300,2024/10/10,3997.788,0.010567
300,2024/10/11,3887.167,-0.027671
300,2024/10/14,3961.342,0.019082
300,2024/10/15,3855.995,-0.026594
300,2024/10/16,3831.589,-0.006329
300,2024/10/17,3788.222,-0.011318
300,2024/10/18,3925.234,0.036168
300,2024/10/21,3935.197,0.002538
300,2024/10/22,3957.776,0.005738
300,2024/10/23,3973.209,0.003899
300,2024/10/24,3928.833,-0.011169
300,2024/10/25,3956.421,0.007022
300,2024/10/28,3964.157,0.001955
300,2024/10/29,3924.649,-0.009966
300,2024/10/30,3889.449,-0.008969
300,2024/10/31,3891.04,0.000409
300,2024/11/1,3890.02,-0.000262
300,2024/11/4,3944.762,0.014072
300,2024/11/5,4044.573,0.025302
300,2024/11/6,4024.283,-0.005017
300,2024/11/7,4145.695,0.03017
300,2024/11/8,4104.047,-0.010046
300,2024/11/11,4131.131,0.006599
300,2024/11/12,4085.743,-0.010987
300,2024/11/13,4110.89,0.006155
300,2024/11/14,4039.619,-0.017337
300,2024/11/15,3968.831,-0.017523
300,2024/11/18,3950.381,-0.004649
300,2024/11/19,3976.891,0.006711
300,2024/11/20,3985.773,0.002233
300,2024/11/21,3989.298,0.000884
300,2024/11/22,3865.699,-0.030983
300,2024/11/25,3848.091,-0.004555
300,2024/11/26,3840.185,-0.002055
300,2024/11/27,3907.045,0.017411
300,2024/11/28,3872.551,-0.008829
300,2024/11/29,3916.583,0.01137
300,2024/12/2,3947.632,0.007928
300,2024/12/3,3951.891,0.001079
300,2024/12/4,3930.557,-0.005398
300,2024/12/5,3921.588,-0.002282
300,2024/12/6,3973.141,0.013146
300,2024/12/9,3966.571,-0.001654
300,2024/12/10,3995.637,0.007328
300,2024/12/11,3988.831,-0.001703
300,2024/12/12,4028.505,0.009946
300,2024/12/13,3933.181,-0.023662
300,2024/12/16,3911.842,-0.005425
300,2024/12/17,3922.033,0.002605
300,2024/12/18,3941.89,0.005063
300,2024/12/19,3945.464,0.000907
300,2024/12/20,3927.744,-0.004491
300,2024/12/23,3933.572,0.001484
300,2024/12/24,3983.688,0.012741
300,2024/12/25,3985.629,0.000487
300,2024/12/26,3987.48,0.000464
300,2024/12/27,3981.031,-0.001617
300,2024/12/30,3999.055,0.004527
300,2024/12/31,3934.911,-0.01604
300,2025/1/2,3820.395,-0.029103
300,2025/1/3,3775.165,-0.011839
300,2025/1/6,3768.97,-0.001641
300,2025/1/7,3796.106,0.0072
300,2025/1/8,3789.215,-0.001815
300,2025/1/9,3779.877,-0.002464
300,2025/1/10,3732.481,-0.012539
300,2025/1/13,3722.513,-0.002671
300,2025/1/14,3820.54,0.026334
300,2025/1/15,3796.026,-0.006416
300,2025/1/16,3800.384,0.001148
300,2025/1/17,3812.343,0.003147
300,2025/1/20,3829.676,0.004547
300,2025/1/21,3832.615,0.000767
300,2025/1/22,3797.017,-0.009288
300,2025/1/23,3803.744,0.001772
300,2025/1/24,3832.864,0.007656
300,2025/1/27,3817.08,-0.004118
300,2025/2/5,3795.085,-0.005762
300,2025/2/6,3842.831,0.012581
300,2025/2/7,3892.703,0.012978
300,2025/2/10,3901.062,0.002147
300,2025/2/11,3883.135,-0.004595
300,2025/2/12,3919.862,0.009458
300,2025/2/13,3905.14,-0.003756
300,2025/2/14,3939.009,0.008673
300,2025/2/17,3947.398,0.00213
300,2025/2/18,3912.783,-0.008769
300,2025/2/19,3940.16,0.006997
300,2025/2/20,3928.896,-0.002859
300,2025/2/21,3978.444,0.012611
300,2025/2/24,3969.717,-0.002194
300,2025/2/25,3925.651,-0.011101
300,2025/2/26,3959.941,0.008735
300,2025/2/27,3968.116,0.002064
300,2025/2/28,3890.049,-0.019674
300,2025/3/3,3888.474,-0.000405
300,2025/3/4,3885.221,-0.000837
300,2025/3/5,3902.571,0.004466
300,2025/3/6,3956.237,0.013751
300,2025/3/7,3944.014,-0.00309
300,2025/3/10,3928.802,-0.003857
300,2025/3/11,3941.416,0.003211
300,2025/3/12,3927.232,-0.003599
300,2025/3/13,3911.579,-0.003986
300,2025/3/14,4006.557,0.024281
300,2025/3/17,3996.788,-0.002438
300,2025/3/18,4007.723,0.002736
300,2025/3/19,4010.168,0.00061
300,2025/3/20,3974.992,-0.008772
300,2025/3/21,3914.696,-0.015169
300,2025/3/24,3934.849,0.005148
300,2025/3/25,3932.295,-0.000649
300,2025/3/26,3919.357,-0.00329
300,2025/3/27,3932.412,0.003331
300,2025/3/28,3915.166,-0.004386
300,2025/3/31,3887.306,-0.007116
300,2025/4/1,3887.684,0.000097
300,2025/4/2,3884.386,-0.000848
300,2025/4/3,3861.503,-0.005891
300,2025/4/7,3589.441,-0.070455
300,2025/4/8,3650.759,0.017083
300,2025/4/9,3686.794,0.009871
300,2025/4/10,3735.115,0.013107
300,2025/4/11,3750.517,0.004124
300,2025/4/14,3759.142,0.0023
300,2025/4/15,3761.235,0.000557
300,2025/4/16,3772.82,0.00308
300,2025/4/17,3772.222,-0.000159
300,2025/4/18,3772.523,0.00008
300,2025/4/21,3784.881,0.003276
300,2025/4/22,3783.952,-0.000245
300,2025/4/23,3786.882,0.000774
300,2025/4/24,3784.357,-0.000667
300,2025/4/25,3786.994,0.000697
300,2025/4/28,3781.619,-0.001419
300,2025/4/29,3775.077,-0.00173
300,2025/4/30,3770.571,-0.001194
300,2025/5/6,3808.542,0.01007
300,2025/5/7,3831.627,0.006061
300,2025/5/8,3852.896,0.005551
300,2025/5/9,3846.157,-0.001749
300,2025/5/12,3890.61,0.011558
300,2025/5/13,3896.258,0.001452
300,2025/5/14,3943.211,0.012051
300,2025/5/15,3907.199,-0.009133
300,2025/5/16,3889.085,-0.004636
300,2025/5/19,3877.145,-0.00307
300,2025/5/20,3898.171,0.005423
300,2025/5/21,3916.381,0.004671
300,2025/5/22,3913.865,-0.000642
300,2025/5/23,3882.274,-0.008072
300,2025/5/26,3860.107,-0.00571
300,2025/5/27,3839.397,-0.005365
300,2025/5/28,3836.237,-0.000823
300,2025/5/29,3858.7,0.005855
300,2025/5/30,3840.232,-0.004786
300,2025/6/3,3852.013,0.003068
300,2025/6/4,3868.743,0.004343
300,2025/6/5,3877.556,0.002278
300,2025/6/6,3873.984,-0.000921
300,2025/6/9,3885.246,0.002907
300,2025/6/10,3865.465,-0.005091
300,2025/6/11,3894.625,0.007544
300,2025/6/12,3892.199,-0.000623
300,2025/6/13,3864.182,-0.007198
300,2025/6/16,3873.795,0.002488
300,2025/6/17,3870.379,-0.000882
300,2025/6/18,3874.971,0.001186
300,2025/6/19,3843.091,-0.008227
300,2025/6/20,3846.644,0.000925
300,2025/6/23,3857.902,0.002927
300,2025/6/24,3904.034,0.011958
300,2025/6/25,3960.066,0.014352
300,2025/6/26,3946.02,-0.003547
300,2025/6/27,3921.758,-0.006148
300,2025/6/30,3936.079,0.003652
300,2025/7/1,3942.762,0.001698
300,2025/7/2,3943.685,0.000234
300,2025/7/3,3968.068,0.006183
300,2025/7/4,3982.203,0.003562
300,2025/7/7,3965.175,-0.004276
300,2025/7/8,3998.453,0.008393
300,2025/7/9,3991.401,-0.001764
300,2025/7/10,4010.024,0.004666
300,2025/7/11,4014.807,0.001193
300,2025/7/14,4017.668,0.000713
300,2025/7/15,4019.064,0.000347
300,2025/7/16,4007.202,-0.002951
300,2025/7/17,4034.491,0.00681
300,2025/7/18,4058.549,0.005963
300,2025/7/21,4085.607,0.006667
300,2025/7/22,4118.958,0.008163
300,2025/7/23,4119.769,0.000197
300,2025/7/24,4149.037,0.007104
300,2025/7/25,4127.163,-0.005272
300,2025/7/28,4135.824,0.002099
300,2025/7/29,4152.025,0.003917
300,2025/7/30,4151.238,-0.00019
300,2025/7/31,4075.591,-0.018223
300,2025/8/1,4054.929,-0.00507
300,2025/8/4,4070.702,0.00389
300,2025/8/5,4103.45,0.008045
300,2025/8/6,4113.485,0.002446
300,2025/8/7,4114.666,0.000287
300,2025/8/8,4104.967,-0.002357
300,2025/8/11,4122.511,0.004274
300,2025/8/12,4143.825,0.00517
300,2025/8/13,4176.578,0.007904
300,2025/8/14,4173.313,-0.000782
300,2025/8/15,4202.353,0.006959
300,2025/8/18,4239.413,0.008819
300,2025/8/19,4223.374,-0.003783
300,2025/8/20,4271.396,0.011371
300,2025/8/21,4288.071,0.003904
300,2025/8/22,4377.998,0.020971
300,2025/8/25,4469.222,0.020837
300,2025/8/26,4452.591,-0.003721
300,2025/8/27,4386.127,-0.014927
300,2025/8/28,4463.782,0.017705
300,2025/8/29,4496.759,0.007388
300,2025/9/1,4523.711,0.005994
300,2025/9/2,4490.453,-0.007352
300,2025/9/3,4459.83,-0.00682
300,2025/9/4,4365.209,-0.021216
300,2025/9/5,4460.325,0.02179
300,2025/9/8,4467.573,0.001625
300,2025/9/9,4436.258,-0.007009
300,2025/9/10,4445.365,0.002053
300,2025/9/11,4548.035,0.023096
300,2025/9/12,4521.998,-0.005725
300,2025/9/15,4533.056,0.002445
300,2025/9/16,4523.337,-0.002144
300,2025/9/17,4551.023,0.006121
300,2025/9/18,4498.109,-0.011627
300,2025/9/19,4501.92,0.000847
300,2025/9/22,4522.608,0.004595
300,2025/9/23,4519.778,-0.000626
300,2025/9/24,4566.071,0.010242
300,2025/9/25,4593.488,0.006005
300,2025/9/26,4550.049,-0.009457
300,2025/9/29,4620.053,0.015385
300,2025/9/30,4640.694,0.004468
300,2025/10/9,4709.482,0.014823
300,2025/10/10,4616.834,-0.019673
300,2025/10/13,4593.979,-0.00495
300,2025/10/14,4539.064,-0.011954
300,2025/10/15,4606.288,0.01481
300,2025/10/16,4618.422,0.002634
300,2025/10/17,4514.235,-0.022559
300,2025/10/20,4538.22,0.005313
300,2025/10/21,4607.872,0.015348
300,2025/10/22,4592.57,-0.003321
300,2025/10/23,4606.345,0.002999
300,2025/10/24,4660.684,0.011797
300,2025/10/27,4716.019,0.011873
300,2025/10/28,4691.973,-0.005099
300,2025/10/29,4747.838,0.011907
300,2025/10/30,4709.911,-0.007988
300,2025/10/31,4640.668,-0.014702
300,2025/11/3,4653.403,0.002744
300,2025/11/4,4618.699,-0.007458
300,2025/11/5,4627.257,0.001853
300,2025/11/6,4693.403,0.014295
300,2025/11/7,4678.794,-0.003113
300,2025/11/10,4695.051,0.003475
300,2025/11/11,4652.166,-0.009134
300,2025/11/12,4645.908,-0.001345
300,2025/11/13,4702.074,0.012089
300,2025/11/14,4628.14,-0.015724
300,2025/11/17,4598.053,-0.006501
300,2025/11/18,4568.193,-0.006494
300,2025/11/19,4588.292,0.0044
300,2025/11/20,4564.948,-0.005088
300,2025/11/21,4453.608,-0.02439
300,2025/11/24,4448.048,-0.001248
300,2025/11/25,4490.405,0.009523
300,2025/11/26,4517.626,0.006062
300,2025/11/27,4515.403,-0.000492
300,2025/11/28,4526.662,0.002493
300,2025/12/1,4576.486,0.011007
300,2025/12/2,4554.335,-0.00484
300,2025/12/3,4531.049,-0.005113
300,2025/12/4,4546.566,0.003425
300,2025/12/5,4584.537,0.008352
300,2025/12/8,4621.755,0.008118
300,2025/12/9,4598.223,-0.005092
300,2025/12/10,4591.827,-0.001391
300,2025/12/11,4552.185,-0.008633
300,2025/12/12,4580.95,0.006319
300,2025/12/15,4552.06,-0.006307
300,2025/12/16,4497.555,-0.011974
300,2025/12/17,4579.875,0.018303
300,2025/12/18,4552.793,-0.005913
300,2025/12/19,4568.178,0.003379
300,2025/12/22,4611.624,0.009511
300,2025/12/23,4620.734,0.001975
300,2025/12/24,4634.059,0.002884
300,2025/12/25,4642.536,0.001829
300,2025/12/26,4657.24,0.003167
300,2025/12/29,4639.372,-0.003837
300,2025/12/30,4651.282,0.002567
300,2025/12/31,4629.94,-0.004588
